projeto,arquivo_experimento,nivel,n_frases,mediana_base,mediana_exp,p_value,significativo,resultado
aspell_v0.60.8.1,aspell-0.60.8.1.pt_BR.llama.ctx-1.ru.po.meta,ctx-1,297,14.1272,21.3644,0.0,Sim,Melhorou
aspell_v0.60.8.1,aspell-0.60.8.1.pt_BR.llama.ctx-2.es-id.po.meta,ctx-2,297,14.1272,27.8233,0.0,Sim,Melhorou
aspell_v0.60.8.1,aspell-0.60.8.1.pt_BR.llama.ctx-2.fr-vi.po.meta,ctx-2,297,14.1272,25.8507,0.0,Sim,Melhorou
aspell_v0.60.8.1,aspell-0.60.8.1.pt_BR.llama.ctx-2.de-es.po.meta,ctx-2,297,14.1272,22.6526,0.0,Sim,Melhorou
aspell_v0.60.8.1,aspell-0.60.8.1.pt_BR.llama.ctx-2.vi-zh_CN.po.meta,ctx-2,297,14.1272,16.8998,0.000124,Sim,Melhorou
aspell_v0.60.8.1,aspell-0.60.8.1.pt_BR.llama.ctx-1.id.po.meta,ctx-1,297,14.1272,17.7474,0.000952,Sim,Melhorou
aspell_v0.60.8.1,aspell-0.60.8.1.pt_BR.llama.ctx-2.id-ru.po.meta,ctx-2,297,14.1272,20.8613,0.0,Sim,Melhorou
aspell_v0.60.8.1,aspell-0.60.8.1.pt_BR.llama.ctx-2.es-ru.po.meta,ctx-2,297,14.1272,27.5161,0.0,Sim,Melhorou
aspell_v0.60.8.1,aspell-0.60.8.1.pt_BR.llama.ctx-2.de-vi.po.meta,ctx-2,297,14.1272,17.0261,0.000218,Sim,Melhorou
aspell_v0.60.8.1,aspell-0.60.8.1.pt_BR.llama.ctx-2.de-fr.po.meta,ctx-2,297,14.1272,19.494,0.0,Sim,Melhorou
aspell_v0.60.8.1,aspell-0.60.8.1.pt_BR.llama.ctx-2.ru-vi.po.meta,ctx-2,297,14.1272,21.9515,0.0,Sim,Melhorou
aspell_v0.60.8.1,aspell-0.60.8.1.pt_BR.llama.ctx-2.es-zh_CN.po.meta,ctx-2,297,14.1272,23.6435,0.0,Sim,Melhorou
aspell_v0.60.8.1,aspell-0.60.8.1.pt_BR.llama.ctx-2.es-vi.po.meta,ctx-2,297,14.1272,27.7581,0.0,Sim,Melhorou
aspell_v0.60.8.1,aspell-0.60.8.1.pt_BR.llama.ctx-2.es-fr.po.meta,ctx-2,297,14.1272,26.9786,0.0,Sim,Melhorou
aspell_v0.60.8.1,aspell-0.60.8.1.pt_BR.llama.ctx-2.id-vi.po.meta,ctx-2,297,14.1272,17.7784,0.000607,Sim,Melhorou
aspell_v0.60.8.1,aspell-0.60.8.1.pt_BR.llama.ctx-2.id-zh_CN.po.meta,ctx-2,297,14.1272,17.7474,9e-06,Sim,Melhorou
aspell_v0.60.8.1,aspell-0.60.8.1.pt_BR.llama.ctx-2.fr-zh_CN.po.meta,ctx-2,297,14.1272,21.0845,0.0,Sim,Melhorou
aspell_v0.60.8.1,aspell-0.60.8.1.pt_BR.llama.ctx-2.fr-id.po.meta,ctx-2,297,14.1272,26.2691,0.0,Sim,Melhorou
aspell_v0.60.8.1,aspell-0.60.8.1.pt_BR.llama.ctx-2.fr-ru.po.meta,ctx-2,297,14.1272,27.0541,0.0,Sim,Melhorou
aspell_v0.60.8.1,aspell-0.60.8.1.pt_BR.llama.ctx-2.de-zh_CN.po.meta,ctx-2,297,14.1272,14.6235,0.001895,Sim,Melhorou
aspell_v0.60.8.1,aspell-0.60.8.1.pt_BR.llama.ctx-1.fr.po.meta,ctx-1,297,14.1272,23.6435,0.0,Sim,Melhorou
aspell_v0.60.8.1,aspell-0.60.8.1.pt_BR.llama.ctx-1.vi.po.meta,ctx-1,297,14.1272,15.9736,0.055421,Não,Sem diferença
aspell_v0.60.8.1,aspell-0.60.8.1.pt_BR.llama.ctx-1.es.po.meta,ctx-1,297,14.1272,27.5161,0.0,Sim,Melhorou
aspell_v0.60.8.1,aspell-0.60.8.1.pt_BR.llama.ctx-2.de-ru.po.meta,ctx-2,297,14.1272,18.7983,2e-06,Sim,Melhorou
aspell_v0.60.8.1,aspell-0.60.8.1.pt_BR.llama.ctx-1.zh_CN.po.meta,ctx-1,297,14.1272,17.0261,0.001155,Sim,Melhorou
aspell_v0.60.8.1,aspell-0.60.8.1.pt_BR.llama.ctx-2.de-id.po.meta,ctx-2,297,14.1272,17.7474,4.1e-05,Sim,Melhorou
aspell_v0.60.8.1,aspell-0.60.8.1.pt_BR.llama.ctx-1.de.po.meta,ctx-1,297,14.1272,15.9736,0.002683,Sim,Melhorou
aspell_v0.60.8.1,aspell-0.60.8.1.pt_BR.llama.ctx-2.ru-zh_CN.po.meta,ctx-2,297,14.1272,19.6407,0.0,Sim,Melhorou
bison-runtime_v3.5.90,bison-runtime-3.5.90.pt_BR.llama.ctx-2.fr-zh_CN.po.meta,ctx-2,9,19.7508,31.5598,0.007812,Sim,Melhorou
bison-runtime_v3.5.90,bison-runtime-3.5.90.pt_BR.llama.ctx-2.id-zh_CN.po.meta,ctx-2,9,19.7508,51.5663,0.003906,Sim,Melhorou
bison-runtime_v3.5.90,bison-runtime-3.5.90.pt_BR.llama.ctx-2.es-zh_CN.po.meta,ctx-2,9,19.7508,30.3265,0.007812,Sim,Melhorou
bison-runtime_v3.5.90,bison-runtime-3.5.90.pt_BR.llama.ctx-2.de-id.po.meta,ctx-2,9,19.7508,30.3265,0.203125,Não,Sem diferença
bison-runtime_v3.5.90,bison-runtime-3.5.90.pt_BR.llama.ctx-1.zh_CN.po.meta,ctx-1,9,19.7508,47.0371,0.074219,Não,Sem diferença
bison-runtime_v3.5.90,bison-runtime-3.5.90.pt_BR.llama.ctx-2.de-zh_CN.po.meta,ctx-2,9,19.7508,47.631,0.039062,Sim,Melhorou
bison-runtime_v3.5.90,bison-runtime-3.5.90.pt_BR.llama.ctx-2.de-ru.po.meta,ctx-2,9,19.7508,51.02,0.097656,Não,Sem diferença
bison-runtime_v3.5.90,bison-runtime-3.5.90.pt_BR.llama.ctx-1.id.po.meta,ctx-1,9,19.7508,59.4604,0.003906,Sim,Melhorou
bison-runtime_v3.5.90,bison-runtime-3.5.90.pt_BR.llama.ctx-2.fr-ru.po.meta,ctx-2,9,19.7508,54.7524,0.003906,Sim,Melhorou
bison-runtime_v3.5.90,bison-runtime-3.5.90.pt_BR.llama.ctx-2.fr-id.po.meta,ctx-2,9,19.7508,30.3265,0.148438,Não,Sem diferença
bison-runtime_v3.5.90,bison-runtime-3.5.90.pt_BR.llama.ctx-2.ru-zh_CN.po.meta,ctx-2,9,19.7508,48.8101,0.074219,Não,Sem diferença
bison-runtime_v3.5.90,bison-runtime-3.5.90.pt_BR.llama.ctx-1.ru.po.meta,ctx-1,9,19.7508,61.4788,0.007812,Sim,Melhorou
bison-runtime_v3.5.90,bison-runtime-3.5.90.pt_BR.llama.ctx-2.es-vi.po.meta,ctx-2,9,19.7508,30.277,0.097656,Não,Sem diferença
bison-runtime_v3.5.90,bison-runtime-3.5.90.pt_BR.llama.ctx-2.es-fr.po.meta,ctx-2,9,19.7508,39.5533,0.074219,Não,Sem diferença
bison-runtime_v3.5.90,bison-runtime-3.5.90.pt_BR.llama.ctx-2.id-vi.po.meta,ctx-2,9,19.7508,10.5527,0.820312,Não,Sem diferença
bison-runtime_v3.5.90,bison-runtime-3.5.90.pt_BR.llama.ctx-1.de.po.meta,ctx-1,9,19.7508,57.3057,0.007812,Sim,Melhorou
bison-runtime_v3.5.90,bison-runtime-3.5.90.pt_BR.llama.ctx-2.vi-zh_CN.po.meta,ctx-2,9,19.7508,41.1134,0.097656,Não,Sem diferença
bison-runtime_v3.5.90,bison-runtime-3.5.90.pt_BR.llama.ctx-2.de-vi.po.meta,ctx-2,9,19.7508,9.6693,1.0,Não,Sem diferença
bison-runtime_v3.5.90,bison-runtime-3.5.90.pt_BR.llama.ctx-2.ru-vi.po.meta,ctx-2,9,19.7508,40.016,0.3125,Não,Sem diferença
bison-runtime_v3.5.90,bison-runtime-3.5.90.pt_BR.llama.ctx-2.de-fr.po.meta,ctx-2,9,19.7508,22.3162,0.546875,Não,Sem diferença
bison-runtime_v3.5.90,bison-runtime-3.5.90.pt_BR.llama.ctx-1.es.po.meta,ctx-1,9,19.7508,38.306,0.003906,Sim,Melhorou
bison-runtime_v3.5.90,bison-runtime-3.5.90.pt_BR.llama.ctx-1.fr.po.meta,ctx-1,9,19.7508,48.835,0.019531,Sim,Melhorou
bison-runtime_v3.5.90,bison-runtime-3.5.90.pt_BR.llama.ctx-2.id-ru.po.meta,ctx-2,9,19.7508,55.7924,0.019531,Sim,Melhorou
bison-runtime_v3.5.90,bison-runtime-3.5.90.pt_BR.llama.ctx-2.es-ru.po.meta,ctx-2,9,19.7508,36.3623,0.011719,Sim,Melhorou
bison-runtime_v3.5.90,bison-runtime-3.5.90.pt_BR.llama.ctx-1.vi.po.meta,ctx-1,9,19.7508,9.6693,0.820312,Não,Sem diferença
bison-runtime_v3.5.90,bison-runtime-3.5.90.pt_BR.llama.ctx-2.fr-vi.po.meta,ctx-2,9,19.7508,26.2691,0.496094,Não,Sem diferença
bison-runtime_v3.5.90,bison-runtime-3.5.90.pt_BR.llama.ctx-2.de-es.po.meta,ctx-2,9,19.7508,34.4607,0.128906,Não,Sem diferença
bison-runtime_v3.5.90,bison-runtime-3.5.90.pt_BR.llama.ctx-2.es-id.po.meta,ctx-2,9,19.7508,35.4948,0.027344,Sim,Melhorou
diffutils_v3.10.242,diffutils-3.10.242.pt_BR.llama.ctx-1.vi.po.meta,ctx-1,262,18.4548,16.0846,0.132271,Não,Sem diferença
diffutils_v3.10.242,diffutils-3.10.242.pt_BR.llama.ctx-2.fr-id.po.meta,ctx-2,262,18.4548,20.0502,0.063746,Não,Sem diferença
diffutils_v3.10.242,diffutils-3.10.242.pt_BR.llama.ctx-1.fr.po.meta,ctx-1,262,18.4548,23.5472,0.0,Sim,Melhorou
diffutils_v3.10.242,diffutils-3.10.242.pt_BR.llama.ctx-2.es-vi.po.meta,ctx-2,262,18.4548,20.9793,0.003853,Sim,Melhorou
diffutils_v3.10.242,diffutils-3.10.242.pt_BR.llama.ctx-2.es-fr.po.meta,ctx-2,262,18.4548,27.4086,0.0,Sim,Melhorou
diffutils_v3.10.242,diffutils-3.10.242.pt_BR.llama.ctx-2.id-vi.po.meta,ctx-2,262,18.4548,17.1081,0.514413,Não,Sem diferença
diffutils_v3.10.242,diffutils-3.10.242.pt_BR.llama.ctx-2.fr-ru.po.meta,ctx-2,262,18.4548,22.2013,0.0,Sim,Melhorou
diffutils_v3.10.242,diffutils-3.10.242.pt_BR.llama.ctx-2.de-ru.po.meta,ctx-2,262,18.4548,20.4845,2.2e-05,Sim,Melhorou
diffutils_v3.10.242,diffutils-3.10.242.pt_BR.llama.ctx-2.vi-zh_CN.po.meta,ctx-2,262,18.4548,18.0048,0.792008,Não,Sem diferença
diffutils_v3.10.242,diffutils-3.10.242.pt_BR.llama.ctx-1.es.po.meta,ctx-1,262,18.4548,29.7987,0.0,Sim,Melhorou
diffutils_v3.10.242,diffutils-3.10.242.pt_BR.llama.ctx-1.zh_CN.po.meta,ctx-1,262,18.4548,19.5951,0.02607,Sim,Melhorou
diffutils_v3.10.242,diffutils-3.10.242.pt_BR.llama.ctx-2.de-id.po.meta,ctx-2,262,18.4548,18.9041,0.673893,Não,Sem diferença
diffutils_v3.10.242,diffutils-3.10.242.pt_BR.llama.ctx-2.fr-vi.po.meta,ctx-2,262,18.4548,18.3581,0.473228,Não,Sem diferença
diffutils_v3.10.242,diffutils-3.10.242.pt_BR.llama.ctx-1.id.po.meta,ctx-1,262,18.4548,18.6219,0.721817,Não,Sem diferença
diffutils_v3.10.242,diffutils-3.10.242.pt_BR.llama.ctx-2.de-es.po.meta,ctx-2,262,18.4548,21.2825,2.6e-05,Sim,Melhorou
diffutils_v3.10.242,diffutils-3.10.242.pt_BR.llama.ctx-2.ru-zh_CN.po.meta,ctx-2,262,18.4548,20.581,4.1e-05,Sim,Melhorou
diffutils_v3.10.242,diffutils-3.10.242.pt_BR.llama.ctx-2.es-id.po.meta,ctx-2,262,18.4548,20.7342,0.010381,Sim,Melhorou
diffutils_v3.10.242,diffutils-3.10.242.pt_BR.llama.ctx-2.id-ru.po.meta,ctx-2,262,18.4548,17.5422,0.780684,Não,Sem diferença
diffutils_v3.10.242,diffutils-3.10.242.pt_BR.llama.ctx-2.es-ru.po.meta,ctx-2,262,18.4548,23.6109,0.0,Sim,Melhorou
diffutils_v3.10.242,diffutils-3.10.242.pt_BR.llama.ctx-1.ru.po.meta,ctx-1,262,18.4548,20.5567,0.000254,Sim,Melhorou
diffutils_v3.10.242,diffutils-3.10.242.pt_BR.llama.ctx-2.de-zh_CN.po.meta,ctx-2,262,18.4548,18.5008,0.013083,Sim,Melhorou
diffutils_v3.10.242,diffutils-3.10.242.pt_BR.llama.ctx-2.es-zh_CN.po.meta,ctx-2,262,18.4548,28.7354,0.0,Sim,Melhorou
diffutils_v3.10.242,diffutils-3.10.242.pt_BR.llama.ctx-2.id-zh_CN.po.meta,ctx-2,262,18.4548,19.0334,0.758246,Não,Sem diferença
diffutils_v3.10.242,diffutils-3.10.242.pt_BR.llama.ctx-2.de-vi.po.meta,ctx-2,262,18.4548,21.3644,0.00066,Sim,Melhorou
diffutils_v3.10.242,diffutils-3.10.242.pt_BR.llama.ctx-2.ru-vi.po.meta,ctx-2,262,18.4548,18.2179,0.875575,Não,Sem diferença
diffutils_v3.10.242,diffutils-3.10.242.pt_BR.llama.ctx-2.de-fr.po.meta,ctx-2,262,18.4548,21.253,4e-06,Sim,Melhorou
diffutils_v3.10.242,diffutils-3.10.242.pt_BR.llama.ctx-2.fr-zh_CN.po.meta,ctx-2,262,18.4548,23.6435,0.0,Sim,Melhorou
exif_v0.6.22,exif-0.6.22.pt_BR.llama.ctx-2.id-vi.po.meta,ctx-2,69,7.2679,7.2679,0.647668,Não,Sem diferença
exif_v0.6.22,exif-0.6.22.pt_BR.llama.ctx-2.es-fr.po.meta,ctx-2,69,7.2679,17.4235,0.00019,Sim,Melhorou
exif_v0.6.22,exif-0.6.22.pt_BR.llama.ctx-2.es-vi.po.meta,ctx-2,69,7.2679,9.6524,0.005903,Sim,Melhorou
exif_v0.6.22,exif-0.6.22.pt_BR.llama.ctx-2.fr-id.po.meta,ctx-2,69,7.2679,13.1345,0.009022,Sim,Melhorou
exif_v0.6.22,exif-0.6.22.pt_BR.llama.ctx-2.fr-ru.po.meta,ctx-2,69,7.2679,18.4369,0.001328,Sim,Melhorou
exif_v0.6.22,exif-0.6.22.pt_BR.llama.ctx-1.fr.po.meta,ctx-1,69,7.2679,17.4235,0.00022,Sim,Melhorou
exif_v0.6.22,exif-0.6.22.pt_BR.llama.ctx-1.vi.po.meta,ctx-1,69,7.2679,11.2085,0.046667,Sim,Melhorou
exif_v0.6.22,exif-0.6.22.pt_BR.llama.ctx-2.vi-zh_CN.po.meta,ctx-2,69,7.2679,15.9736,0.001228,Sim,Melhorou
exif_v0.6.22,exif-0.6.22.pt_BR.llama.ctx-1.es.po.meta,ctx-1,69,7.2679,18.5751,0.000357,Sim,Melhorou
exif_v0.6.22,exif-0.6.22.pt_BR.llama.ctx-2.de-ru.po.meta,ctx-2,69,7.2679,10.6822,0.005797,Sim,Melhorou
exif_v0.6.22,exif-0.6.22.pt_BR.llama.ctx-2.de-id.po.meta,ctx-2,69,7.2679,10.6822,0.0199,Sim,Melhorou
exif_v0.6.22,exif-0.6.22.pt_BR.llama.ctx-1.zh_CN.po.meta,ctx-1,69,7.2679,10.6822,0.269823,Não,Sem diferença
exif_v0.6.22,exif-0.6.22.pt_BR.llama.ctx-1.de.po.meta,ctx-1,69,7.2679,10.6822,0.007825,Sim,Melhorou
exif_v0.6.22,exif-0.6.22.pt_BR.llama.ctx-2.es-id.po.meta,ctx-2,69,7.2679,13.5404,0.001329,Sim,Melhorou
exif_v0.6.22,exif-0.6.22.pt_BR.llama.ctx-1.ru.po.meta,ctx-1,69,7.2679,10.6822,0.003347,Sim,Melhorou
exif_v0.6.22,exif-0.6.22.pt_BR.llama.ctx-2.de-es.po.meta,ctx-2,69,7.2679,10.826,0.004365,Sim,Melhorou
exif_v0.6.22,exif-0.6.22.pt_BR.llama.ctx-2.fr-vi.po.meta,ctx-2,69,7.2679,16.2334,0.006544,Sim,Melhorou
exif_v0.6.22,exif-0.6.22.pt_BR.llama.ctx-2.ru-zh_CN.po.meta,ctx-2,69,7.2679,10.6822,0.002495,Sim,Melhorou
exif_v0.6.22,exif-0.6.22.pt_BR.llama.ctx-2.es-ru.po.meta,ctx-2,69,7.2679,18.5751,0.000103,Sim,Melhorou
exif_v0.6.22,exif-0.6.22.pt_BR.llama.ctx-1.id.po.meta,ctx-1,69,7.2679,9.6524,0.786933,Não,Sem diferença
exif_v0.6.22,exif-0.6.22.pt_BR.llama.ctx-2.id-ru.po.meta,ctx-2,69,7.2679,10.4006,0.902151,Não,Sem diferença
exif_v0.6.22,exif-0.6.22.pt_BR.llama.ctx-2.fr-zh_CN.po.meta,ctx-2,69,7.2679,12.4402,0.00157,Sim,Melhorou
exif_v0.6.22,exif-0.6.22.pt_BR.llama.ctx-2.id-zh_CN.po.meta,ctx-2,69,7.2679,10.1471,0.357209,Não,Sem diferença
exif_v0.6.22,exif-0.6.22.pt_BR.llama.ctx-2.es-zh_CN.po.meta,ctx-2,69,7.2679,16.9436,1.6e-05,Sim,Melhorou
exif_v0.6.22,exif-0.6.22.pt_BR.llama.ctx-2.ru-vi.po.meta,ctx-2,69,7.2679,9.5354,0.271099,Não,Sem diferença
exif_v0.6.22,exif-0.6.22.pt_BR.llama.ctx-2.de-fr.po.meta,ctx-2,69,7.2679,12.7033,0.001437,Sim,Melhorou
exif_v0.6.22,exif-0.6.22.pt_BR.llama.ctx-2.de-vi.po.meta,ctx-2,69,7.2679,14.4656,0.013801,Sim,Melhorou
exif_v0.6.22,exif-0.6.22.pt_BR.llama.ctx-2.de-zh_CN.po.meta,ctx-2,69,7.2679,10.6822,0.003449,Sim,Melhorou
gst-plugins-bad_v1.27.90,gst-plugins-bad-1.27.90.pt_BR.llama.ctx-2.es-zh_CN.po.meta,ctx-2,28,30.0212,35.1277,0.273575,Não,Sem diferença
gst-plugins-bad_v1.27.90,gst-plugins-bad-1.27.90.pt_BR.llama.ctx-1.ru.po.meta,ctx-1,28,30.0212,35.1576,0.434187,Não,Sem diferença
gst-plugins-bad_v1.27.90,gst-plugins-bad-1.27.90.pt_BR.llama.ctx-2.fr-zh_CN.po.meta,ctx-2,28,30.0212,34.1374,0.684874,Não,Sem diferença
gst-plugins-bad_v1.27.90,gst-plugins-bad-1.27.90.pt_BR.llama.ctx-2.id-zh_CN.po.meta,ctx-2,28,30.0212,26.0839,0.155635,Não,Sem diferença
gst-plugins-bad_v1.27.90,gst-plugins-bad-1.27.90.pt_BR.llama.ctx-2.de-fr.po.meta,ctx-2,28,30.0212,43.7161,0.131132,Não,Sem diferença
gst-plugins-bad_v1.27.90,gst-plugins-bad-1.27.90.pt_BR.llama.ctx-2.ru-vi.po.meta,ctx-2,28,30.0212,30.3526,0.74395,Não,Sem diferença
gst-plugins-bad_v1.27.90,gst-plugins-bad-1.27.90.pt_BR.llama.ctx-2.de-vi.po.meta,ctx-2,28,30.0212,37.8425,0.019809,Sim,Melhorou
gst-plugins-bad_v1.27.90,gst-plugins-bad-1.27.90.pt_BR.llama.ctx-2.de-zh_CN.po.meta,ctx-2,28,30.0212,30.8729,0.778177,Não,Sem diferença
gst-plugins-bad_v1.27.90,gst-plugins-bad-1.27.90.pt_BR.llama.ctx-1.id.po.meta,ctx-1,28,30.0212,24.1358,0.094528,Não,Sem diferença
gst-plugins-bad_v1.27.90,gst-plugins-bad-1.27.90.pt_BR.llama.ctx-2.es-id.po.meta,ctx-2,28,30.0212,35.9842,0.465099,Não,Sem diferença
gst-plugins-bad_v1.27.90,gst-plugins-bad-1.27.90.pt_BR.llama.ctx-2.de-es.po.meta,ctx-2,28,30.0212,35.626,0.265157,Não,Sem diferença
gst-plugins-bad_v1.27.90,gst-plugins-bad-1.27.90.pt_BR.llama.ctx-2.fr-vi.po.meta,ctx-2,28,30.0212,26.1172,0.930756,Não,Sem diferença
gst-plugins-bad_v1.27.90,gst-plugins-bad-1.27.90.pt_BR.llama.ctx-2.es-ru.po.meta,ctx-2,28,30.0212,29.3442,0.526681,Não,Sem diferença
gst-plugins-bad_v1.27.90,gst-plugins-bad-1.27.90.pt_BR.llama.ctx-2.ru-zh_CN.po.meta,ctx-2,28,30.0212,34.8982,0.112779,Não,Sem diferença
gst-plugins-bad_v1.27.90,gst-plugins-bad-1.27.90.pt_BR.llama.ctx-2.id-ru.po.meta,ctx-2,28,30.0212,33.1062,0.82028,Não,Sem diferença
gst-plugins-bad_v1.27.90,gst-plugins-bad-1.27.90.pt_BR.llama.ctx-2.vi-zh_CN.po.meta,ctx-2,28,30.0212,26.093,0.136498,Não,Sem diferença
gst-plugins-bad_v1.27.90,gst-plugins-bad-1.27.90.pt_BR.llama.ctx-2.de-ru.po.meta,ctx-2,28,30.0212,35.0389,0.277241,Não,Sem diferença
gst-plugins-bad_v1.27.90,gst-plugins-bad-1.27.90.pt_BR.llama.ctx-1.zh_CN.po.meta,ctx-1,28,30.0212,26.5385,0.679116,Não,Sem diferença
gst-plugins-bad_v1.27.90,gst-plugins-bad-1.27.90.pt_BR.llama.ctx-2.de-id.po.meta,ctx-2,28,30.0212,27.2636,0.42091,Não,Sem diferença
gst-plugins-bad_v1.27.90,gst-plugins-bad-1.27.90.pt_BR.llama.ctx-1.vi.po.meta,ctx-1,28,30.0212,23.8285,0.331723,Não,Sem diferença
gst-plugins-bad_v1.27.90,gst-plugins-bad-1.27.90.pt_BR.llama.ctx-1.fr.po.meta,ctx-1,28,30.0212,35.0767,0.287092,Não,Sem diferença
gst-plugins-bad_v1.27.90,gst-plugins-bad-1.27.90.pt_BR.llama.ctx-2.es-fr.po.meta,ctx-2,28,30.0212,36.3184,0.657069,Não,Sem diferença
gst-plugins-bad_v1.27.90,gst-plugins-bad-1.27.90.pt_BR.llama.ctx-2.id-vi.po.meta,ctx-2,28,30.0212,25.4908,1.0,Não,Sem diferença
gst-plugins-bad_v1.27.90,gst-plugins-bad-1.27.90.pt_BR.llama.ctx-1.es.po.meta,ctx-1,28,30.0212,35.9842,0.367385,Não,Sem diferença
gst-plugins-bad_v1.27.90,gst-plugins-bad-1.27.90.pt_BR.llama.ctx-2.es-vi.po.meta,ctx-2,28,30.0212,29.0189,0.130545,Não,Sem diferença
gst-plugins-bad_v1.27.90,gst-plugins-bad-1.27.90.pt_BR.llama.ctx-2.fr-id.po.meta,ctx-2,28,30.0212,34.8533,0.354825,Não,Sem diferença
gst-plugins-bad_v1.27.90,gst-plugins-bad-1.27.90.pt_BR.llama.ctx-2.fr-ru.po.meta,ctx-2,28,30.0212,30.7267,0.717218,Não,Sem diferença
gst-plugins-bad_v1.27.90,gst-plugins-bad-1.27.90.pt_BR.llama.ctx-1.de.po.meta,ctx-1,28,30.0212,35.4737,0.214537,Não,Sem diferença
gst-plugins-ugly_v1.27.90,gst-plugins-ugly-1.27.90.pt_BR.llama.ctx-2.de-es.po.meta,ctx-2,10,23.7018,33.1062,0.15625,Não,Sem diferença
gst-plugins-ugly_v1.27.90,gst-plugins-ugly-1.27.90.pt_BR.llama.ctx-2.fr-vi.po.meta,ctx-2,10,23.7018,19.9993,0.382812,Não,Sem diferença
gst-plugins-ugly_v1.27.90,gst-plugins-ugly-1.27.90.pt_BR.llama.ctx-2.de-zh_CN.po.meta,ctx-2,10,23.7018,24.6273,0.375,Não,Sem diferença
gst-plugins-ugly_v1.27.90,gst-plugins-ugly-1.27.90.pt_BR.llama.ctx-2.es-id.po.meta,ctx-2,10,23.7018,29.5091,0.578125,Não,Sem diferença
gst-plugins-ugly_v1.27.90,gst-plugins-ugly-1.27.90.pt_BR.llama.ctx-2.fr-zh_CN.po.meta,ctx-2,10,23.7018,23.9381,1.0,Não,Sem diferença
gst-plugins-ugly_v1.27.90,gst-plugins-ugly-1.27.90.pt_BR.llama.ctx-2.es-ru.po.meta,ctx-2,10,23.7018,31.3251,0.460938,Não,Sem diferença
gst-plugins-ugly_v1.27.90,gst-plugins-ugly-1.27.90.pt_BR.llama.ctx-2.id-ru.po.meta,ctx-2,10,23.7018,20.1226,0.4375,Não,Sem diferença
gst-plugins-ugly_v1.27.90,gst-plugins-ugly-1.27.90.pt_BR.llama.ctx-2.id-zh_CN.po.meta,ctx-2,10,23.7018,17.9698,0.15625,Não,Sem diferença
gst-plugins-ugly_v1.27.90,gst-plugins-ugly-1.27.90.pt_BR.llama.ctx-2.es-zh_CN.po.meta,ctx-2,10,23.7018,25.9827,0.578125,Não,Sem diferença
gst-plugins-ugly_v1.27.90,gst-plugins-ugly-1.27.90.pt_BR.llama.ctx-2.ru-zh_CN.po.meta,ctx-2,10,23.7018,22.6872,1.0,Não,Sem diferença
gst-plugins-ugly_v1.27.90,gst-plugins-ugly-1.27.90.pt_BR.llama.ctx-1.id.po.meta,ctx-1,10,23.7018,17.5879,0.078125,Não,Sem diferença
gst-plugins-ugly_v1.27.90,gst-plugins-ugly-1.27.90.pt_BR.llama.ctx-1.ru.po.meta,ctx-1,10,23.7018,22.4754,1.0,Não,Sem diferença
gst-plugins-ugly_v1.27.90,gst-plugins-ugly-1.27.90.pt_BR.llama.ctx-2.ru-vi.po.meta,ctx-2,10,23.7018,26.6073,0.578125,Não,Sem diferença
gst-plugins-ugly_v1.27.90,gst-plugins-ugly-1.27.90.pt_BR.llama.ctx-2.de-fr.po.meta,ctx-2,10,23.7018,24.7867,0.546875,Não,Sem diferença
gst-plugins-ugly_v1.27.90,gst-plugins-ugly-1.27.90.pt_BR.llama.ctx-2.de-vi.po.meta,ctx-2,10,23.7018,20.1226,0.375,Não,Sem diferença
gst-plugins-ugly_v1.27.90,gst-plugins-ugly-1.27.90.pt_BR.llama.ctx-2.fr-id.po.meta,ctx-2,10,23.7018,19.3507,0.296875,Não,Sem diferença
gst-plugins-ugly_v1.27.90,gst-plugins-ugly-1.27.90.pt_BR.llama.ctx-2.es-fr.po.meta,ctx-2,10,23.7018,38.917,0.078125,Não,Sem diferença
gst-plugins-ugly_v1.27.90,gst-plugins-ugly-1.27.90.pt_BR.llama.ctx-2.id-vi.po.meta,ctx-2,10,23.7018,19.4376,0.460938,Não,Sem diferença
gst-plugins-ugly_v1.27.90,gst-plugins-ugly-1.27.90.pt_BR.llama.ctx-1.de.po.meta,ctx-1,10,23.7018,22.4754,0.945312,Não,Sem diferença
gst-plugins-ugly_v1.27.90,gst-plugins-ugly-1.27.90.pt_BR.llama.ctx-2.es-vi.po.meta,ctx-2,10,23.7018,22.4754,0.9375,Não,Sem diferença
gst-plugins-ugly_v1.27.90,gst-plugins-ugly-1.27.90.pt_BR.llama.ctx-2.vi-zh_CN.po.meta,ctx-2,10,23.7018,19.9993,0.296875,Não,Sem diferença
gst-plugins-ugly_v1.27.90,gst-plugins-ugly-1.27.90.pt_BR.llama.ctx-1.es.po.meta,ctx-1,10,23.7018,41.6504,0.078125,Não,Sem diferença
gst-plugins-ugly_v1.27.90,gst-plugins-ugly-1.27.90.pt_BR.llama.ctx-2.fr-ru.po.meta,ctx-2,10,23.7018,18.2332,0.15625,Não,Sem diferença
gst-plugins-ugly_v1.27.90,gst-plugins-ugly-1.27.90.pt_BR.llama.ctx-2.de-ru.po.meta,ctx-2,10,23.7018,22.4754,0.9375,Não,Sem diferença
gst-plugins-ugly_v1.27.90,gst-plugins-ugly-1.27.90.pt_BR.llama.ctx-1.vi.po.meta,ctx-1,10,23.7018,22.541,0.640625,Não,Sem diferença
gst-plugins-ugly_v1.27.90,gst-plugins-ugly-1.27.90.pt_BR.llama.ctx-1.fr.po.meta,ctx-1,10,23.7018,19.8504,0.21875,Não,Sem diferença
gst-plugins-ugly_v1.27.90,gst-plugins-ugly-1.27.90.pt_BR.llama.ctx-2.de-id.po.meta,ctx-2,10,23.7018,19.4376,0.15625,Não,Sem diferença
gst-plugins-ugly_v1.27.90,gst-plugins-ugly-1.27.90.pt_BR.llama.ctx-1.zh_CN.po.meta,ctx-1,10,23.7018,22.446,0.9375,Não,Sem diferença
gstreamer_v1.27.90,gstreamer-1.27.90.pt_BR.llama.ctx-2.es-id.po.meta,ctx-2,377,11.0168,18.9959,0.0,Sim,Melhorou
gstreamer_v1.27.90,gstreamer-1.27.90.pt_BR.llama.ctx-2.de-es.po.meta,ctx-2,377,11.0168,13.1345,1.2e-05,Sim,Melhorou
gstreamer_v1.27.90,gstreamer-1.27.90.pt_BR.llama.ctx-2.vi-zh_CN.po.meta,ctx-2,377,11.0168,13.0651,0.007034,Sim,Melhorou
gstreamer_v1.27.90,gstreamer-1.27.90.pt_BR.llama.ctx-1.id.po.meta,ctx-1,377,11.0168,12.8278,0.027932,Sim,Melhorou
gstreamer_v1.27.90,gstreamer-1.27.90.pt_BR.llama.ctx-2.fr-vi.po.meta,ctx-2,377,11.0168,16.2334,0.0,Sim,Melhorou
gstreamer_v1.27.90,gstreamer-1.27.90.pt_BR.llama.ctx-1.ru.po.meta,ctx-1,377,11.0168,14.4589,0.000135,Sim,Melhorou
gstreamer_v1.27.90,gstreamer-1.27.90.pt_BR.llama.ctx-2.es-ru.po.meta,ctx-2,377,11.0168,14.9498,0.0,Sim,Melhorou
gstreamer_v1.27.90,gstreamer-1.27.90.pt_BR.llama.ctx-2.id-ru.po.meta,ctx-2,377,11.0168,14.9498,0.0,Sim,Melhorou
gstreamer_v1.27.90,gstreamer-1.27.90.pt_BR.llama.ctx-2.ru-vi.po.meta,ctx-2,377,11.0168,14.9237,7e-06,Sim,Melhorou
gstreamer_v1.27.90,gstreamer-1.27.90.pt_BR.llama.ctx-2.de-fr.po.meta,ctx-2,377,11.0168,13.1345,0.0,Sim,Melhorou
gstreamer_v1.27.90,gstreamer-1.27.90.pt_BR.llama.ctx-2.de-vi.po.meta,ctx-2,377,11.0168,12.2231,0.009934,Sim,Melhorou
gstreamer_v1.27.90,gstreamer-1.27.90.pt_BR.llama.ctx-2.id-vi.po.meta,ctx-2,377,11.0168,13.1345,0.007853,Sim,Melhorou
gstreamer_v1.27.90,gstreamer-1.27.90.pt_BR.llama.ctx-2.es-fr.po.meta,ctx-2,377,11.0168,16.5904,0.0,Sim,Melhorou
gstreamer_v1.27.90,gstreamer-1.27.90.pt_BR.llama.ctx-2.es-zh_CN.po.meta,ctx-2,377,11.0168,15.2072,1e-06,Sim,Melhorou
gstreamer_v1.27.90,gstreamer-1.27.90.pt_BR.llama.ctx-2.es-vi.po.meta,ctx-2,377,11.0168,16.0539,0.0,Sim,Melhorou
gstreamer_v1.27.90,gstreamer-1.27.90.pt_BR.llama.ctx-1.vi.po.meta,ctx-1,377,11.0168,12.8278,0.018209,Sim,Melhorou
gstreamer_v1.27.90,gstreamer-1.27.90.pt_BR.llama.ctx-2.fr-id.po.meta,ctx-2,377,11.0168,17.6365,0.0,Sim,Melhorou
gstreamer_v1.27.90,gstreamer-1.27.90.pt_BR.llama.ctx-2.id-zh_CN.po.meta,ctx-2,377,11.0168,13.3802,0.003494,Sim,Melhorou
gstreamer_v1.27.90,gstreamer-1.27.90.pt_BR.llama.ctx-2.fr-zh_CN.po.meta,ctx-2,377,11.0168,15.9736,0.0,Sim,Melhorou
gstreamer_v1.27.90,gstreamer-1.27.90.pt_BR.llama.ctx-1.fr.po.meta,ctx-1,377,11.0168,18.394,0.0,Sim,Melhorou
gstreamer_v1.27.90,gstreamer-1.27.90.pt_BR.llama.ctx-2.fr-ru.po.meta,ctx-2,377,11.0168,18.5751,0.0,Sim,Melhorou
gstreamer_v1.27.90,gstreamer-1.27.90.pt_BR.llama.ctx-2.de-zh_CN.po.meta,ctx-2,377,11.0168,11.9809,0.32097,Não,Sem diferença
gstreamer_v1.27.90,gstreamer-1.27.90.pt_BR.llama.ctx-2.de-ru.po.meta,ctx-2,377,11.0168,11.7312,0.175456,Não,Sem diferença
gstreamer_v1.27.90,gstreamer-1.27.90.pt_BR.llama.ctx-1.de.po.meta,ctx-1,377,11.0168,10.8964,0.995373,Não,Sem diferença
gstreamer_v1.27.90,gstreamer-1.27.90.pt_BR.llama.ctx-2.de-id.po.meta,ctx-2,377,11.0168,12.6835,0.00997,Sim,Melhorou
gstreamer_v1.27.90,gstreamer-1.27.90.pt_BR.llama.ctx-1.zh_CN.po.meta,ctx-1,377,11.0168,13.1345,0.000817,Sim,Melhorou
gstreamer_v1.27.90,gstreamer-1.27.90.pt_BR.llama.ctx-1.es.po.meta,ctx-1,377,11.0168,16.2334,0.0,Sim,Melhorou
gstreamer_v1.27.90,gstreamer-1.27.90.pt_BR.llama.ctx-2.ru-zh_CN.po.meta,ctx-2,377,11.0168,13.1345,0.000595,Sim,Melhorou
gtkspell_v3.0.7,gtkspell-3.0.7.pt_BR.llama.ctx-2.de-vi.po.meta,ctx-2,7,10.5527,15.9252,0.8125,Não,Sem diferença
gtkspell_v3.0.7,gtkspell-3.0.7.pt_BR.llama.ctx-2.ru-vi.po.meta,ctx-2,7,10.5527,53.1073,0.1875,Não,Sem diferença
gtkspell_v3.0.7,gtkspell-3.0.7.pt_BR.llama.ctx-2.de-fr.po.meta,ctx-2,7,10.5527,32.4668,0.3125,Não,Sem diferença
gtkspell_v3.0.7,gtkspell-3.0.7.pt_BR.llama.ctx-2.ru-zh_CN.po.meta,ctx-2,7,10.5527,32.4668,0.8125,Não,Sem diferença
gtkspell_v3.0.7,gtkspell-3.0.7.pt_BR.llama.ctx-2.es-zh_CN.po.meta,ctx-2,7,10.5527,10.7293,0.875,Não,Sem diferença
gtkspell_v3.0.7,gtkspell-3.0.7.pt_BR.llama.ctx-2.es-id.po.meta,ctx-2,7,10.5527,17.2034,1.0,Não,Sem diferença
gtkspell_v3.0.7,gtkspell-3.0.7.pt_BR.llama.ctx-2.fr-vi.po.meta,ctx-2,7,10.5527,15.9252,0.8125,Não,Sem diferença
gtkspell_v3.0.7,gtkspell-3.0.7.pt_BR.llama.ctx-2.id-zh_CN.po.meta,ctx-2,7,10.5527,27.5161,0.8125,Não,Sem diferença
gtkspell_v3.0.7,gtkspell-3.0.7.pt_BR.llama.ctx-1.ru.po.meta,ctx-1,7,10.5527,53.1073,0.125,Não,Sem diferença
gtkspell_v3.0.7,gtkspell-3.0.7.pt_BR.llama.ctx-2.fr-zh_CN.po.meta,ctx-2,7,10.5527,20.5567,0.8125,Não,Sem diferença
gtkspell_v3.0.7,gtkspell-3.0.7.pt_BR.llama.ctx-2.de-es.po.meta,ctx-2,7,10.5527,32.4668,0.4375,Não,Sem diferença
gtkspell_v3.0.7,gtkspell-3.0.7.pt_BR.llama.ctx-1.id.po.meta,ctx-1,7,10.5527,27.5161,0.625,Não,Sem diferença
gtkspell_v3.0.7,gtkspell-3.0.7.pt_BR.llama.ctx-2.de-zh_CN.po.meta,ctx-2,7,10.5527,12.2231,0.375,Não,Sem diferença
gtkspell_v3.0.7,gtkspell-3.0.7.pt_BR.llama.ctx-2.id-ru.po.meta,ctx-2,7,10.5527,27.5161,0.8125,Não,Sem diferença
gtkspell_v3.0.7,gtkspell-3.0.7.pt_BR.llama.ctx-2.es-ru.po.meta,ctx-2,7,10.5527,29.0715,0.84375,Não,Sem diferença
gtkspell_v3.0.7,gtkspell-3.0.7.pt_BR.llama.ctx-1.es.po.meta,ctx-1,7,10.5527,39.7635,0.3125,Não,Sem diferença
gtkspell_v3.0.7,gtkspell-3.0.7.pt_BR.llama.ctx-2.de-ru.po.meta,ctx-2,7,10.5527,39.7635,0.5,Não,Sem diferença
gtkspell_v3.0.7,gtkspell-3.0.7.pt_BR.llama.ctx-1.de.po.meta,ctx-1,7,10.5527,39.7635,0.625,Não,Sem diferença
gtkspell_v3.0.7,gtkspell-3.0.7.pt_BR.llama.ctx-2.de-id.po.meta,ctx-2,7,10.5527,53.1073,0.375,Não,Sem diferença
gtkspell_v3.0.7,gtkspell-3.0.7.pt_BR.llama.ctx-1.zh_CN.po.meta,ctx-1,7,10.5527,27.5161,0.625,Não,Sem diferença
gtkspell_v3.0.7,gtkspell-3.0.7.pt_BR.llama.ctx-2.es-vi.po.meta,ctx-2,7,10.5527,32.4668,0.5625,Não,Sem diferença
gtkspell_v3.0.7,gtkspell-3.0.7.pt_BR.llama.ctx-2.es-fr.po.meta,ctx-2,7,10.5527,32.4668,0.4375,Não,Sem diferença
gtkspell_v3.0.7,gtkspell-3.0.7.pt_BR.llama.ctx-2.id-vi.po.meta,ctx-2,7,10.5527,27.5161,0.8125,Não,Sem diferença
gtkspell_v3.0.7,gtkspell-3.0.7.pt_BR.llama.ctx-2.fr-id.po.meta,ctx-2,7,10.5527,27.5161,0.8125,Não,Sem diferença
gtkspell_v3.0.7,gtkspell-3.0.7.pt_BR.llama.ctx-2.vi-zh_CN.po.meta,ctx-2,7,10.5527,10.1471,0.875,Não,Sem diferença
gtkspell_v3.0.7,gtkspell-3.0.7.pt_BR.llama.ctx-1.vi.po.meta,ctx-1,7,10.5527,5.5224,1.0,Não,Sem diferença
gtkspell_v3.0.7,gtkspell-3.0.7.pt_BR.llama.ctx-2.fr-ru.po.meta,ctx-2,7,10.5527,32.4668,0.625,Não,Sem diferença
gtkspell_v3.0.7,gtkspell-3.0.7.pt_BR.llama.ctx-1.fr.po.meta,ctx-1,7,10.5527,32.4668,0.3125,Não,Sem diferença
libiconv_v1.17-pre1,libiconv-1.17-pre1.pt_BR.llama.ctx-2.fr-ru.po.meta,ctx-2,44,17.6109,23.6435,0.010048,Sim,Melhorou
libiconv_v1.17-pre1,libiconv-1.17-pre1.pt_BR.llama.ctx-1.fr.po.meta,ctx-1,44,17.6109,26.4703,0.000566,Sim,Melhorou
libiconv_v1.17-pre1,libiconv-1.17-pre1.pt_BR.llama.ctx-2.fr-id.po.meta,ctx-2,44,17.6109,23.9826,0.001658,Sim,Melhorou
libiconv_v1.17-pre1,libiconv-1.17-pre1.pt_BR.llama.ctx-1.vi.po.meta,ctx-1,44,17.6109,17.7128,0.96081,Não,Sem diferença
libiconv_v1.17-pre1,libiconv-1.17-pre1.pt_BR.llama.ctx-2.id-vi.po.meta,ctx-2,44,17.6109,18.9409,0.270147,Não,Sem diferença
libiconv_v1.17-pre1,libiconv-1.17-pre1.pt_BR.llama.ctx-2.es-fr.po.meta,ctx-2,44,17.6109,26.4514,0.000391,Sim,Melhorou
libiconv_v1.17-pre1,libiconv-1.17-pre1.pt_BR.llama.ctx-2.es-vi.po.meta,ctx-2,44,17.6109,23.401,0.01484,Sim,Melhorou
libiconv_v1.17-pre1,libiconv-1.17-pre1.pt_BR.llama.ctx-2.vi-zh_CN.po.meta,ctx-2,44,17.6109,21.727,0.056483,Não,Sem diferença
libiconv_v1.17-pre1,libiconv-1.17-pre1.pt_BR.llama.ctx-1.zh_CN.po.meta,ctx-1,44,17.6109,19.05,0.620416,Não,Sem diferença
libiconv_v1.17-pre1,libiconv-1.17-pre1.pt_BR.llama.ctx-2.de-id.po.meta,ctx-2,44,17.6109,20.7626,0.079706,Não,Sem diferença
libiconv_v1.17-pre1,libiconv-1.17-pre1.pt_BR.llama.ctx-1.es.po.meta,ctx-1,44,17.6109,28.7891,8.1e-05,Sim,Melhorou
libiconv_v1.17-pre1,libiconv-1.17-pre1.pt_BR.llama.ctx-2.de-ru.po.meta,ctx-2,44,17.6109,18.6231,0.550506,Não,Sem diferença
libiconv_v1.17-pre1,libiconv-1.17-pre1.pt_BR.llama.ctx-1.de.po.meta,ctx-1,44,17.6109,20.2342,0.207239,Não,Sem diferença
libiconv_v1.17-pre1,libiconv-1.17-pre1.pt_BR.llama.ctx-2.es-ru.po.meta,ctx-2,44,17.6109,23.6435,0.003993,Sim,Melhorou
libiconv_v1.17-pre1,libiconv-1.17-pre1.pt_BR.llama.ctx-2.id-ru.po.meta,ctx-2,44,17.6109,18.6231,0.143993,Não,Sem diferença
libiconv_v1.17-pre1,libiconv-1.17-pre1.pt_BR.llama.ctx-1.ru.po.meta,ctx-1,44,17.6109,20.9605,0.153968,Não,Sem diferença
libiconv_v1.17-pre1,libiconv-1.17-pre1.pt_BR.llama.ctx-2.de-es.po.meta,ctx-2,44,17.6109,23.1811,0.000176,Sim,Melhorou
libiconv_v1.17-pre1,libiconv-1.17-pre1.pt_BR.llama.ctx-2.ru-zh_CN.po.meta,ctx-2,44,17.6109,20.8522,0.033269,Sim,Melhorou
libiconv_v1.17-pre1,libiconv-1.17-pre1.pt_BR.llama.ctx-1.id.po.meta,ctx-1,44,17.6109,18.6781,0.626081,Não,Sem diferença
libiconv_v1.17-pre1,libiconv-1.17-pre1.pt_BR.llama.ctx-2.fr-vi.po.meta,ctx-2,44,17.6109,24.7461,0.006888,Sim,Melhorou
libiconv_v1.17-pre1,libiconv-1.17-pre1.pt_BR.llama.ctx-2.es-id.po.meta,ctx-2,44,17.6109,25.1439,0.000229,Sim,Melhorou
libiconv_v1.17-pre1,libiconv-1.17-pre1.pt_BR.llama.ctx-2.id-zh_CN.po.meta,ctx-2,44,17.6109,22.7232,0.013292,Sim,Melhorou
libiconv_v1.17-pre1,libiconv-1.17-pre1.pt_BR.llama.ctx-2.fr-zh_CN.po.meta,ctx-2,44,17.6109,25.3626,0.000311,Sim,Melhorou
libiconv_v1.17-pre1,libiconv-1.17-pre1.pt_BR.llama.ctx-2.es-zh_CN.po.meta,ctx-2,44,17.6109,25.6834,6e-05,Sim,Melhorou
libiconv_v1.17-pre1,libiconv-1.17-pre1.pt_BR.llama.ctx-2.ru-vi.po.meta,ctx-2,44,17.6109,18.6781,0.208901,Não,Sem diferença
libiconv_v1.17-pre1,libiconv-1.17-pre1.pt_BR.llama.ctx-2.de-fr.po.meta,ctx-2,44,17.6109,23.9826,0.001252,Sim,Melhorou
libiconv_v1.17-pre1,libiconv-1.17-pre1.pt_BR.llama.ctx-2.de-vi.po.meta,ctx-2,44,17.6109,17.8469,0.805924,Não,Sem diferença
libiconv_v1.17-pre1,libiconv-1.17-pre1.pt_BR.llama.ctx-2.de-zh_CN.po.meta,ctx-2,44,17.6109,19.0875,0.321664,Não,Sem diferença
man-db_v2.13.1-pre1,man-db-2.13.1-pre1.pt_BR.llama.ctx-2.es-ru.po.meta,ctx-2,190,19.5465,30.1786,0.0,Sim,Melhorou
man-db_v2.13.1-pre1,man-db-2.13.1-pre1.pt_BR.llama.ctx-2.id-ru.po.meta,ctx-2,190,19.5465,30.8048,0.0,Sim,Melhorou
man-db_v2.13.1-pre1,man-db-2.13.1-pre1.pt_BR.llama.ctx-1.ru.po.meta,ctx-1,190,19.5465,28.5557,0.0,Sim,Melhorou
man-db_v2.13.1-pre1,man-db-2.13.1-pre1.pt_BR.llama.ctx-2.es-id.po.meta,ctx-2,190,19.5465,26.7407,5.7e-05,Sim,Melhorou
man-db_v2.13.1-pre1,man-db-2.13.1-pre1.pt_BR.llama.ctx-1.id.po.meta,ctx-1,190,19.5465,22.9899,0.037239,Sim,Melhorou
man-db_v2.13.1-pre1,man-db-2.13.1-pre1.pt_BR.llama.ctx-2.de-es.po.meta,ctx-2,190,19.5465,22.2029,0.011757,Sim,Melhorou
man-db_v2.13.1-pre1,man-db-2.13.1-pre1.pt_BR.llama.ctx-2.vi-zh_CN.po.meta,ctx-2,190,19.5465,19.0708,0.739283,Não,Sem diferença
man-db_v2.13.1-pre1,man-db-2.13.1-pre1.pt_BR.llama.ctx-2.fr-vi.po.meta,ctx-2,190,19.5465,20.9852,0.361899,Não,Sem diferença
man-db_v2.13.1-pre1,man-db-2.13.1-pre1.pt_BR.llama.ctx-2.ru-vi.po.meta,ctx-2,190,19.5465,28.4695,0.0,Sim,Melhorou
man-db_v2.13.1-pre1,man-db-2.13.1-pre1.pt_BR.llama.ctx-2.de-fr.po.meta,ctx-2,190,19.5465,20.7565,0.259896,Não,Sem diferença
man-db_v2.13.1-pre1,man-db-2.13.1-pre1.pt_BR.llama.ctx-2.de-vi.po.meta,ctx-2,190,19.5465,19.6955,0.35691,Não,Sem diferença
man-db_v2.13.1-pre1,man-db-2.13.1-pre1.pt_BR.llama.ctx-2.fr-ru.po.meta,ctx-2,190,19.5465,22.5992,0.010354,Sim,Melhorou
man-db_v2.13.1-pre1,man-db-2.13.1-pre1.pt_BR.llama.ctx-2.de-zh_CN.po.meta,ctx-2,190,19.5465,23.4096,0.075706,Não,Sem diferença
man-db_v2.13.1-pre1,man-db-2.13.1-pre1.pt_BR.llama.ctx-2.es-fr.po.meta,ctx-2,190,19.5465,22.4356,0.028925,Sim,Melhorou
man-db_v2.13.1-pre1,man-db-2.13.1-pre1.pt_BR.llama.ctx-1.vi.po.meta,ctx-1,190,19.5465,17.4679,0.018842,Sim,Piorou
man-db_v2.13.1-pre1,man-db-2.13.1-pre1.pt_BR.llama.ctx-2.id-vi.po.meta,ctx-2,190,19.5465,18.634,0.502737,Não,Sem diferença
man-db_v2.13.1-pre1,man-db-2.13.1-pre1.pt_BR.llama.ctx-1.fr.po.meta,ctx-1,190,19.5465,19.6404,0.06988,Não,Sem diferença
man-db_v2.13.1-pre1,man-db-2.13.1-pre1.pt_BR.llama.ctx-2.es-zh_CN.po.meta,ctx-2,190,19.5465,20.7287,0.003356,Sim,Melhorou
man-db_v2.13.1-pre1,man-db-2.13.1-pre1.pt_BR.llama.ctx-2.es-vi.po.meta,ctx-2,190,19.5465,21.3996,0.428946,Não,Sem diferença
man-db_v2.13.1-pre1,man-db-2.13.1-pre1.pt_BR.llama.ctx-2.fr-zh_CN.po.meta,ctx-2,190,19.5465,21.5153,0.001307,Sim,Melhorou
man-db_v2.13.1-pre1,man-db-2.13.1-pre1.pt_BR.llama.ctx-2.fr-id.po.meta,ctx-2,190,19.5465,19.6784,0.827668,Não,Sem diferença
man-db_v2.13.1-pre1,man-db-2.13.1-pre1.pt_BR.llama.ctx-2.id-zh_CN.po.meta,ctx-2,190,19.5465,20.148,0.009085,Sim,Melhorou
man-db_v2.13.1-pre1,man-db-2.13.1-pre1.pt_BR.llama.ctx-2.de-id.po.meta,ctx-2,190,19.5465,20.7287,0.08256,Não,Sem diferença
man-db_v2.13.1-pre1,man-db-2.13.1-pre1.pt_BR.llama.ctx-1.zh_CN.po.meta,ctx-1,190,19.5465,20.6181,0.459834,Não,Sem diferença
man-db_v2.13.1-pre1,man-db-2.13.1-pre1.pt_BR.llama.ctx-1.es.po.meta,ctx-1,190,19.5465,26.3936,0.000369,Sim,Melhorou
man-db_v2.13.1-pre1,man-db-2.13.1-pre1.pt_BR.llama.ctx-2.ru-zh_CN.po.meta,ctx-2,190,19.5465,28.4695,1e-06,Sim,Melhorou
man-db_v2.13.1-pre1,man-db-2.13.1-pre1.pt_BR.llama.ctx-1.de.po.meta,ctx-1,190,19.5465,20.148,0.231842,Não,Sem diferença
man-db_v2.13.1-pre1,man-db-2.13.1-pre1.pt_BR.llama.ctx-2.de-ru.po.meta,ctx-2,190,19.5465,30.3618,0.0,Sim,Melhorou
nano_v8.4-pre1,nano-8.4-pre1.pt_BR.llama.ctx-2.de-vi.po.meta,ctx-2,614,18.9959,19.1067,0.068133,Não,Sem diferença
nano_v8.4-pre1,nano-8.4-pre1.pt_BR.llama.ctx-1.id.po.meta,ctx-1,614,18.9959,16.6455,0.143802,Não,Sem diferença
nano_v8.4-pre1,nano-8.4-pre1.pt_BR.llama.ctx-2.de-fr.po.meta,ctx-2,614,18.9959,20.5023,0.001106,Sim,Melhorou
nano_v8.4-pre1,nano-8.4-pre1.pt_BR.llama.ctx-2.ru-vi.po.meta,ctx-2,614,18.9959,18.8971,0.992311,Não,Sem diferença
nano_v8.4-pre1,nano-8.4-pre1.pt_BR.llama.ctx-1.ru.po.meta,ctx-1,614,18.9959,18.9959,0.910353,Não,Sem diferença
nano_v8.4-pre1,nano-8.4-pre1.pt_BR.llama.ctx-2.id-ru.po.meta,ctx-2,614,18.9959,19.6407,0.400968,Não,Sem diferença
nano_v8.4-pre1,nano-8.4-pre1.pt_BR.llama.ctx-2.es-ru.po.meta,ctx-2,614,18.9959,18.8971,0.062374,Não,Sem diferença
nano_v8.4-pre1,nano-8.4-pre1.pt_BR.llama.ctx-2.fr-vi.po.meta,ctx-2,614,18.9959,16.8267,0.149613,Não,Sem diferença
nano_v8.4-pre1,nano-8.4-pre1.pt_BR.llama.ctx-2.de-es.po.meta,ctx-2,614,18.9959,19.6407,0.00252,Sim,Melhorou
nano_v8.4-pre1,nano-8.4-pre1.pt_BR.llama.ctx-2.vi-zh_CN.po.meta,ctx-2,614,18.9959,17.6195,0.20534,Não,Sem diferença
nano_v8.4-pre1,nano-8.4-pre1.pt_BR.llama.ctx-2.es-id.po.meta,ctx-2,614,18.9959,21.4042,9e-06,Sim,Melhorou
nano_v8.4-pre1,nano-8.4-pre1.pt_BR.llama.ctx-2.ru-zh_CN.po.meta,ctx-2,614,18.9959,18.9959,0.362563,Não,Sem diferença
nano_v8.4-pre1,nano-8.4-pre1.pt_BR.llama.ctx-1.vi.po.meta,ctx-1,614,18.9959,17.1117,0.01746,Sim,Piorou
nano_v8.4-pre1,nano-8.4-pre1.pt_BR.llama.ctx-1.fr.po.meta,ctx-1,614,18.9959,22.0896,0.001012,Sim,Melhorou
nano_v8.4-pre1,nano-8.4-pre1.pt_BR.llama.ctx-1.zh_CN.po.meta,ctx-1,614,18.9959,17.9652,0.553096,Não,Sem diferença
nano_v8.4-pre1,nano-8.4-pre1.pt_BR.llama.ctx-2.de-id.po.meta,ctx-2,614,18.9959,19.6955,0.009652,Sim,Melhorou
nano_v8.4-pre1,nano-8.4-pre1.pt_BR.llama.ctx-2.de-ru.po.meta,ctx-2,614,18.9959,19.6027,0.0748,Não,Sem diferença
nano_v8.4-pre1,nano-8.4-pre1.pt_BR.llama.ctx-2.de-zh_CN.po.meta,ctx-2,614,18.9959,18.9959,0.149301,Não,Sem diferença
nano_v8.4-pre1,nano-8.4-pre1.pt_BR.llama.ctx-1.de.po.meta,ctx-1,614,18.9959,19.6784,0.04081,Sim,Melhorou
nano_v8.4-pre1,nano-8.4-pre1.pt_BR.llama.ctx-2.id-zh_CN.po.meta,ctx-2,614,18.9959,18.9959,0.859383,Não,Sem diferença
nano_v8.4-pre1,nano-8.4-pre1.pt_BR.llama.ctx-2.fr-zh_CN.po.meta,ctx-2,614,18.9959,18.9959,0.434128,Não,Sem diferença
nano_v8.4-pre1,nano-8.4-pre1.pt_BR.llama.ctx-2.fr-id.po.meta,ctx-2,614,18.9959,20.5567,0.002136,Sim,Melhorou
nano_v8.4-pre1,nano-8.4-pre1.pt_BR.llama.ctx-1.es.po.meta,ctx-1,614,18.9959,19.9528,0.000187,Sim,Melhorou
nano_v8.4-pre1,nano-8.4-pre1.pt_BR.llama.ctx-2.es-zh_CN.po.meta,ctx-2,614,18.9959,18.8971,0.063146,Não,Sem diferença
nano_v8.4-pre1,nano-8.4-pre1.pt_BR.llama.ctx-2.es-vi.po.meta,ctx-2,614,18.9959,17.9652,0.715359,Não,Sem diferença
nano_v8.4-pre1,nano-8.4-pre1.pt_BR.llama.ctx-2.id-vi.po.meta,ctx-2,614,18.9959,15.6197,0.000856,Sim,Piorou
nano_v8.4-pre1,nano-8.4-pre1.pt_BR.llama.ctx-2.es-fr.po.meta,ctx-2,614,18.9959,20.1649,0.000172,Sim,Melhorou
parted_v3.4.64.2,parted-3.4.64.2.pt_BR.llama.ctx-2.de-es.po.meta,ctx-2,542,33.5254,36.0949,0.000841,Sim,Melhorou
parted_v3.4.64.2,parted-3.4.64.2.pt_BR.llama.ctx-2.fr-vi.po.meta,ctx-2,542,33.5254,32.6356,0.933806,Não,Sem diferença
parted_v3.4.64.2,parted-3.4.64.2.pt_BR.llama.ctx-2.es-id.po.meta,ctx-2,542,33.5254,35.3842,0.000334,Sim,Melhorou
parted_v3.4.64.2,parted-3.4.64.2.pt_BR.llama.ctx-1.vi.po.meta,ctx-1,542,33.5254,31.1298,0.016442,Sim,Piorou
parted_v3.4.64.2,parted-3.4.64.2.pt_BR.llama.ctx-2.es-ru.po.meta,ctx-2,542,33.5254,36.638,4e-06,Sim,Melhorou
parted_v3.4.64.2,parted-3.4.64.2.pt_BR.llama.ctx-1.fr.po.meta,ctx-1,542,33.5254,33.0463,0.918994,Não,Sem diferença
parted_v3.4.64.2,parted-3.4.64.2.pt_BR.llama.ctx-2.id-ru.po.meta,ctx-2,542,33.5254,35.0844,0.025878,Sim,Melhorou
parted_v3.4.64.2,parted-3.4.64.2.pt_BR.llama.ctx-2.vi-zh_CN.po.meta,ctx-2,542,33.5254,34.1024,0.019262,Sim,Melhorou
parted_v3.4.64.2,parted-3.4.64.2.pt_BR.llama.ctx-1.es.po.meta,ctx-1,542,33.5254,35.224,0.025578,Sim,Melhorou
parted_v3.4.64.2,parted-3.4.64.2.pt_BR.llama.ctx-1.de.po.meta,ctx-1,542,33.5254,34.5311,0.867308,Não,Sem diferença
parted_v3.4.64.2,parted-3.4.64.2.pt_BR.llama.ctx-2.de-fr.po.meta,ctx-2,542,33.5254,33.6923,0.411299,Não,Sem diferença
parted_v3.4.64.2,parted-3.4.64.2.pt_BR.llama.ctx-2.ru-vi.po.meta,ctx-2,542,33.5254,35.3842,0.004607,Sim,Melhorou
parted_v3.4.64.2,parted-3.4.64.2.pt_BR.llama.ctx-2.de-vi.po.meta,ctx-2,542,33.5254,34.5283,0.141644,Não,Sem diferença
parted_v3.4.64.2,parted-3.4.64.2.pt_BR.llama.ctx-2.fr-id.po.meta,ctx-2,542,33.5254,32.4675,0.33794,Não,Sem diferença
parted_v3.4.64.2,parted-3.4.64.2.pt_BR.llama.ctx-2.es-fr.po.meta,ctx-2,542,33.5254,35.4948,0.063917,Não,Sem diferença
parted_v3.4.64.2,parted-3.4.64.2.pt_BR.llama.ctx-2.id-vi.po.meta,ctx-2,542,33.5254,33.0209,0.730671,Não,Sem diferença
parted_v3.4.64.2,parted-3.4.64.2.pt_BR.llama.ctx-2.de-zh_CN.po.meta,ctx-2,542,33.5254,36.1593,0.003097,Sim,Melhorou
parted_v3.4.64.2,parted-3.4.64.2.pt_BR.llama.ctx-2.es-vi.po.meta,ctx-2,542,33.5254,34.5949,0.061423,Não,Sem diferença
parted_v3.4.64.2,parted-3.4.64.2.pt_BR.llama.ctx-1.ru.po.meta,ctx-1,542,33.5254,34.6681,0.081488,Não,Sem diferença
parted_v3.4.64.2,parted-3.4.64.2.pt_BR.llama.ctx-2.es-zh_CN.po.meta,ctx-2,542,33.5254,35.4251,0.002912,Sim,Melhorou
parted_v3.4.64.2,parted-3.4.64.2.pt_BR.llama.ctx-1.id.po.meta,ctx-1,542,33.5254,32.8174,0.774232,Não,Sem diferença
parted_v3.4.64.2,parted-3.4.64.2.pt_BR.llama.ctx-2.fr-ru.po.meta,ctx-2,542,33.5254,35.2701,0.056875,Não,Sem diferença
parted_v3.4.64.2,parted-3.4.64.2.pt_BR.llama.ctx-2.id-zh_CN.po.meta,ctx-2,542,33.5254,34.6681,0.017413,Sim,Melhorou
parted_v3.4.64.2,parted-3.4.64.2.pt_BR.llama.ctx-2.fr-zh_CN.po.meta,ctx-2,542,33.5254,35.6839,0.003855,Sim,Melhorou
parted_v3.4.64.2,parted-3.4.64.2.pt_BR.llama.ctx-2.de-ru.po.meta,ctx-2,542,33.5254,34.4432,0.100259,Não,Sem diferença
parted_v3.4.64.2,parted-3.4.64.2.pt_BR.llama.ctx-2.ru-zh_CN.po.meta,ctx-2,542,33.5254,35.3842,0.01238,Sim,Melhorou
parted_v3.4.64.2,parted-3.4.64.2.pt_BR.llama.ctx-2.de-id.po.meta,ctx-2,542,33.5254,35.2931,0.010474,Sim,Melhorou
parted_v3.4.64.2,parted-3.4.64.2.pt_BR.llama.ctx-1.zh_CN.po.meta,ctx-1,542,33.5254,34.4025,0.057292,Não,Sem diferença
psmisc_v23.7-rc1,psmisc-23.7-rc1.pt_BR.llama.ctx-2.de-vi.po.meta,ctx-2,94,15.174,19.9085,0.000598,Sim,Melhorou
psmisc_v23.7-rc1,psmisc-23.7-rc1.pt_BR.llama.ctx-2.de-fr.po.meta,ctx-2,94,15.174,27.6295,0.0,Sim,Melhorou
psmisc_v23.7-rc1,psmisc-23.7-rc1.pt_BR.llama.ctx-2.ru-vi.po.meta,ctx-2,94,15.174,21.4904,1e-05,Sim,Melhorou
psmisc_v23.7-rc1,psmisc-23.7-rc1.pt_BR.llama.ctx-1.fr.po.meta,ctx-1,94,15.174,30.8408,0.0,Sim,Melhorou
psmisc_v23.7-rc1,psmisc-23.7-rc1.pt_BR.llama.ctx-1.vi.po.meta,ctx-1,94,15.174,19.3183,0.008543,Sim,Melhorou
psmisc_v23.7-rc1,psmisc-23.7-rc1.pt_BR.llama.ctx-2.id-ru.po.meta,ctx-2,94,15.174,28.7209,1e-06,Sim,Melhorou
psmisc_v23.7-rc1,psmisc-23.7-rc1.pt_BR.llama.ctx-1.es.po.meta,ctx-1,94,15.174,35.021,0.0,Sim,Melhorou
psmisc_v23.7-rc1,psmisc-23.7-rc1.pt_BR.llama.ctx-2.es-ru.po.meta,ctx-2,94,15.174,30.8798,0.0,Sim,Melhorou
psmisc_v23.7-rc1,psmisc-23.7-rc1.pt_BR.llama.ctx-2.fr-vi.po.meta,ctx-2,94,15.174,22.7644,0.0,Sim,Melhorou
psmisc_v23.7-rc1,psmisc-23.7-rc1.pt_BR.llama.ctx-2.vi-zh_CN.po.meta,ctx-2,94,15.174,19.3612,0.000155,Sim,Melhorou
psmisc_v23.7-rc1,psmisc-23.7-rc1.pt_BR.llama.ctx-2.de-es.po.meta,ctx-2,94,15.174,28.1475,0.0,Sim,Melhorou
psmisc_v23.7-rc1,psmisc-23.7-rc1.pt_BR.llama.ctx-1.de.po.meta,ctx-1,94,15.174,19.9472,0.001001,Sim,Melhorou
psmisc_v23.7-rc1,psmisc-23.7-rc1.pt_BR.llama.ctx-2.es-id.po.meta,ctx-2,94,15.174,30.8798,0.0,Sim,Melhorou
psmisc_v23.7-rc1,psmisc-23.7-rc1.pt_BR.llama.ctx-1.ru.po.meta,ctx-1,94,15.174,24.9493,0.0,Sim,Melhorou
psmisc_v23.7-rc1,psmisc-23.7-rc1.pt_BR.llama.ctx-2.ru-zh_CN.po.meta,ctx-2,94,15.174,25.7607,1e-06,Sim,Melhorou
psmisc_v23.7-rc1,psmisc-23.7-rc1.pt_BR.llama.ctx-1.zh_CN.po.meta,ctx-1,94,15.174,23.628,0.0,Sim,Melhorou
psmisc_v23.7-rc1,psmisc-23.7-rc1.pt_BR.llama.ctx-2.de-id.po.meta,ctx-2,94,15.174,21.9782,7e-06,Sim,Melhorou
psmisc_v23.7-rc1,psmisc-23.7-rc1.pt_BR.llama.ctx-2.de-ru.po.meta,ctx-2,94,15.174,24.9401,1e-06,Sim,Melhorou
psmisc_v23.7-rc1,psmisc-23.7-rc1.pt_BR.llama.ctx-1.id.po.meta,ctx-1,94,15.174,20.5306,1e-05,Sim,Melhorou
psmisc_v23.7-rc1,psmisc-23.7-rc1.pt_BR.llama.ctx-2.de-zh_CN.po.meta,ctx-2,94,15.174,23.2187,0.0,Sim,Melhorou
psmisc_v23.7-rc1,psmisc-23.7-rc1.pt_BR.llama.ctx-2.fr-ru.po.meta,ctx-2,94,15.174,33.324,0.0,Sim,Melhorou
psmisc_v23.7-rc1,psmisc-23.7-rc1.pt_BR.llama.ctx-2.id-zh_CN.po.meta,ctx-2,94,15.174,23.8053,1e-06,Sim,Melhorou
psmisc_v23.7-rc1,psmisc-23.7-rc1.pt_BR.llama.ctx-2.fr-id.po.meta,ctx-2,94,15.174,31.8615,0.0,Sim,Melhorou
psmisc_v23.7-rc1,psmisc-23.7-rc1.pt_BR.llama.ctx-2.fr-zh_CN.po.meta,ctx-2,94,15.174,32.3031,0.0,Sim,Melhorou
psmisc_v23.7-rc1,psmisc-23.7-rc1.pt_BR.llama.ctx-2.es-vi.po.meta,ctx-2,94,15.174,21.0798,0.0,Sim,Melhorou
psmisc_v23.7-rc1,psmisc-23.7-rc1.pt_BR.llama.ctx-2.es-zh_CN.po.meta,ctx-2,94,15.174,26.364,0.0,Sim,Melhorou
psmisc_v23.7-rc1,psmisc-23.7-rc1.pt_BR.llama.ctx-2.id-vi.po.meta,ctx-2,94,15.174,19.3558,0.000404,Sim,Melhorou
psmisc_v23.7-rc1,psmisc-23.7-rc1.pt_BR.llama.ctx-2.es-fr.po.meta,ctx-2,94,15.174,31.2379,0.0,Sim,Melhorou
sed_v4.8.44,sed-4.8.44.pt_BR.llama.ctx-2.es-id.po.meta,ctx-2,140,25.5748,34.6146,6.3e-05,Sim,Melhorou
sed_v4.8.44,sed-4.8.44.pt_BR.llama.ctx-2.de-es.po.meta,ctx-2,140,25.5748,34.4008,0.000883,Sim,Melhorou
sed_v4.8.44,sed-4.8.44.pt_BR.llama.ctx-2.fr-vi.po.meta,ctx-2,140,25.5748,24.2847,0.285893,Não,Sem diferença
sed_v4.8.44,sed-4.8.44.pt_BR.llama.ctx-2.vi-zh_CN.po.meta,ctx-2,140,25.5748,26.0068,0.141048,Não,Sem diferença
sed_v4.8.44,sed-4.8.44.pt_BR.llama.ctx-2.es-ru.po.meta,ctx-2,140,25.5748,29.1794,0.00357,Sim,Melhorou
sed_v4.8.44,sed-4.8.44.pt_BR.llama.ctx-2.id-ru.po.meta,ctx-2,140,25.5748,30.8868,0.019534,Sim,Melhorou
sed_v4.8.44,sed-4.8.44.pt_BR.llama.ctx-1.ru.po.meta,ctx-1,140,25.5748,32.0151,6.5e-05,Sim,Melhorou
sed_v4.8.44,sed-4.8.44.pt_BR.llama.ctx-2.de-fr.po.meta,ctx-2,140,25.5748,32.3976,0.000858,Sim,Melhorou
sed_v4.8.44,sed-4.8.44.pt_BR.llama.ctx-2.ru-vi.po.meta,ctx-2,140,25.5748,27.8004,0.173787,Não,Sem diferença
sed_v4.8.44,sed-4.8.44.pt_BR.llama.ctx-1.id.po.meta,ctx-1,140,25.5748,28.7078,0.609377,Não,Sem diferença
sed_v4.8.44,sed-4.8.44.pt_BR.llama.ctx-2.de-vi.po.meta,ctx-2,140,25.5748,29.3725,0.032065,Sim,Melhorou
sed_v4.8.44,sed-4.8.44.pt_BR.llama.ctx-2.id-vi.po.meta,ctx-2,140,25.5748,25.5388,0.136451,Não,Sem diferença
sed_v4.8.44,sed-4.8.44.pt_BR.llama.ctx-2.es-fr.po.meta,ctx-2,140,25.5748,30.2494,0.00095,Sim,Melhorou
sed_v4.8.44,sed-4.8.44.pt_BR.llama.ctx-2.es-vi.po.meta,ctx-2,140,25.5748,27.8226,0.017361,Sim,Melhorou
sed_v4.8.44,sed-4.8.44.pt_BR.llama.ctx-1.es.po.meta,ctx-1,140,25.5748,30.3058,0.000592,Sim,Melhorou
sed_v4.8.44,sed-4.8.44.pt_BR.llama.ctx-2.fr-id.po.meta,ctx-2,140,25.5748,29.4447,0.048276,Sim,Melhorou
sed_v4.8.44,sed-4.8.44.pt_BR.llama.ctx-2.de-zh_CN.po.meta,ctx-2,140,25.5748,28.5314,0.005287,Sim,Melhorou
sed_v4.8.44,sed-4.8.44.pt_BR.llama.ctx-2.fr-ru.po.meta,ctx-2,140,25.5748,29.6058,0.004799,Sim,Melhorou
sed_v4.8.44,sed-4.8.44.pt_BR.llama.ctx-1.de.po.meta,ctx-1,140,25.5748,30.2138,0.029344,Sim,Melhorou
sed_v4.8.44,sed-4.8.44.pt_BR.llama.ctx-2.es-zh_CN.po.meta,ctx-2,140,25.5748,32.0732,0.0003,Sim,Melhorou
sed_v4.8.44,sed-4.8.44.pt_BR.llama.ctx-2.fr-zh_CN.po.meta,ctx-2,140,25.5748,29.0285,0.006995,Sim,Melhorou
sed_v4.8.44,sed-4.8.44.pt_BR.llama.ctx-2.id-zh_CN.po.meta,ctx-2,140,25.5748,28.5314,0.108253,Não,Sem diferença
sed_v4.8.44,sed-4.8.44.pt_BR.llama.ctx-2.de-ru.po.meta,ctx-2,140,25.5748,30.2138,0.006789,Sim,Melhorou
sed_v4.8.44,sed-4.8.44.pt_BR.llama.ctx-2.ru-zh_CN.po.meta,ctx-2,140,25.5748,29.9373,0.001677,Sim,Melhorou
sed_v4.8.44,sed-4.8.44.pt_BR.llama.ctx-2.de-id.po.meta,ctx-2,140,25.5748,32.1198,0.005849,Sim,Melhorou
sed_v4.8.44,sed-4.8.44.pt_BR.llama.ctx-1.zh_CN.po.meta,ctx-1,140,25.5748,30.2401,0.043658,Sim,Melhorou
sed_v4.8.44,sed-4.8.44.pt_BR.llama.ctx-1.fr.po.meta,ctx-1,140,25.5748,32.0133,0.000384,Sim,Melhorou
sed_v4.8.44,sed-4.8.44.pt_BR.llama.ctx-1.vi.po.meta,ctx-1,140,25.5748,25.2059,0.443915,Não,Sem diferença
tar_v1.35.90,tar-1.35.90.pt_BR.llama.ctx-2.de-ru.po.meta,ctx-2,589,18.9959,22.0896,0.010492,Sim,Melhorou
tar_v1.35.90,tar-1.35.90.pt_BR.llama.ctx-2.de-zh_CN.po.meta,ctx-2,589,18.9959,21.9728,0.025201,Sim,Melhorou
tar_v1.35.90,tar-1.35.90.pt_BR.llama.ctx-1.id.po.meta,ctx-1,589,18.9959,20.1416,0.806694,Não,Sem diferença
tar_v1.35.90,tar-1.35.90.pt_BR.llama.ctx-1.ru.po.meta,ctx-1,589,18.9959,22.0896,0.101991,Não,Sem diferença
tar_v1.35.90,tar-1.35.90.pt_BR.llama.ctx-2.id-zh_CN.po.meta,ctx-2,589,18.9959,20.5567,0.928183,Não,Sem diferença
tar_v1.35.90,tar-1.35.90.pt_BR.llama.ctx-2.fr-zh_CN.po.meta,ctx-2,589,18.9959,22.0896,0.522197,Não,Sem diferença
tar_v1.35.90,tar-1.35.90.pt_BR.llama.ctx-1.zh_CN.po.meta,ctx-1,589,18.9959,19.7161,0.950984,Não,Sem diferença
tar_v1.35.90,tar-1.35.90.pt_BR.llama.ctx-2.de-id.po.meta,ctx-2,589,18.9959,21.2006,0.075674,Não,Sem diferença
tar_v1.35.90,tar-1.35.90.pt_BR.llama.ctx-2.es-zh_CN.po.meta,ctx-2,589,18.9959,22.3614,7e-05,Sim,Melhorou
tar_v1.35.90,tar-1.35.90.pt_BR.llama.ctx-2.ru-zh_CN.po.meta,ctx-2,589,18.9959,22.0896,0.040558,Sim,Melhorou
tar_v1.35.90,tar-1.35.90.pt_BR.llama.ctx-2.fr-id.po.meta,ctx-2,589,18.9959,22.0896,0.433944,Não,Sem diferença
tar_v1.35.90,tar-1.35.90.pt_BR.llama.ctx-2.id-vi.po.meta,ctx-2,589,18.9959,19.7161,0.156321,Não,Sem diferença
tar_v1.35.90,tar-1.35.90.pt_BR.llama.ctx-2.es-fr.po.meta,ctx-2,589,18.9959,21.9728,0.002016,Sim,Melhorou
tar_v1.35.90,tar-1.35.90.pt_BR.llama.ctx-2.es-vi.po.meta,ctx-2,589,18.9959,21.2006,0.126124,Não,Sem diferença
tar_v1.35.90,tar-1.35.90.pt_BR.llama.ctx-2.fr-ru.po.meta,ctx-2,589,18.9959,22.0122,0.035269,Sim,Melhorou
tar_v1.35.90,tar-1.35.90.pt_BR.llama.ctx-1.fr.po.meta,ctx-1,589,18.9959,21.1053,0.739662,Não,Sem diferença
tar_v1.35.90,tar-1.35.90.pt_BR.llama.ctx-1.vi.po.meta,ctx-1,589,18.9959,19.0817,0.038947,Sim,Melhorou
tar_v1.35.90,tar-1.35.90.pt_BR.llama.ctx-2.vi-zh_CN.po.meta,ctx-2,589,18.9959,20.0902,0.376603,Não,Sem diferença
tar_v1.35.90,tar-1.35.90.pt_BR.llama.ctx-2.ru-vi.po.meta,ctx-2,589,18.9959,21.0224,0.263184,Não,Sem diferença
tar_v1.35.90,tar-1.35.90.pt_BR.llama.ctx-2.de-fr.po.meta,ctx-2,589,18.9959,22.3162,0.240382,Não,Sem diferença
tar_v1.35.90,tar-1.35.90.pt_BR.llama.ctx-2.de-vi.po.meta,ctx-2,589,18.9959,21.0224,0.744672,Não,Sem diferença
tar_v1.35.90,tar-1.35.90.pt_BR.llama.ctx-2.de-es.po.meta,ctx-2,589,18.9959,22.8942,3e-05,Sim,Melhorou
tar_v1.35.90,tar-1.35.90.pt_BR.llama.ctx-2.fr-vi.po.meta,ctx-2,589,18.9959,22.0896,0.882031,Não,Sem diferença
tar_v1.35.90,tar-1.35.90.pt_BR.llama.ctx-2.es-id.po.meta,ctx-2,589,18.9959,23.2175,0.008205,Sim,Melhorou
tar_v1.35.90,tar-1.35.90.pt_BR.llama.ctx-1.de.po.meta,ctx-1,589,18.9959,20.7806,0.446723,Não,Sem diferença
tar_v1.35.90,tar-1.35.90.pt_BR.llama.ctx-2.es-ru.po.meta,ctx-2,589,18.9959,23.2175,1e-05,Sim,Melhorou
tar_v1.35.90,tar-1.35.90.pt_BR.llama.ctx-1.es.po.meta,ctx-1,589,18.9959,22.8942,2.4e-05,Sim,Melhorou
tar_v1.35.90,tar-1.35.90.pt_BR.llama.ctx-2.id-ru.po.meta,ctx-2,589,18.9959,22.1548,0.011462,Sim,Melhorou
wget_v1.25.0,wget-1.25.0.pt_BR.llama.ctx-1.es.po.meta,ctx-1,596,18.9676,28.4291,0.0,Sim,Melhorou
wget_v1.25.0,wget-1.25.0.pt_BR.llama.ctx-2.es-id.po.meta,ctx-2,596,18.9676,25.473,0.0,Sim,Melhorou
wget_v1.25.0,wget-1.25.0.pt_BR.llama.ctx-2.fr-vi.po.meta,ctx-2,596,18.9676,22.6929,0.038275,Sim,Melhorou
wget_v1.25.0,wget-1.25.0.pt_BR.llama.ctx-2.ru-zh_CN.po.meta,ctx-2,596,18.9676,22.9911,0.0,Sim,Melhorou
wget_v1.25.0,wget-1.25.0.pt_BR.llama.ctx-2.de-es.po.meta,ctx-2,596,18.9676,24.6209,0.0,Sim,Melhorou
wget_v1.25.0,wget-1.25.0.pt_BR.llama.ctx-2.id-ru.po.meta,ctx-2,596,18.9676,24.4108,0.0,Sim,Melhorou
wget_v1.25.0,wget-1.25.0.pt_BR.llama.ctx-2.es-ru.po.meta,ctx-2,596,18.9676,26.29,0.0,Sim,Melhorou
wget_v1.25.0,wget-1.25.0.pt_BR.llama.ctx-1.de.po.meta,ctx-1,596,18.9676,20.9273,0.001521,Sim,Melhorou
wget_v1.25.0,wget-1.25.0.pt_BR.llama.ctx-2.de-zh_CN.po.meta,ctx-2,596,18.9676,22.7721,0.0,Sim,Melhorou
wget_v1.25.0,wget-1.25.0.pt_BR.llama.ctx-2.de-vi.po.meta,ctx-2,596,18.9676,21.6934,0.02113,Sim,Melhorou
wget_v1.25.0,wget-1.25.0.pt_BR.llama.ctx-2.ru-vi.po.meta,ctx-2,596,18.9676,21.9926,0.0,Sim,Melhorou
wget_v1.25.0,wget-1.25.0.pt_BR.llama.ctx-2.de-fr.po.meta,ctx-2,596,18.9676,23.3102,0.0,Sim,Melhorou
wget_v1.25.0,wget-1.25.0.pt_BR.llama.ctx-2.es-zh_CN.po.meta,ctx-2,596,18.9676,25.8487,0.0,Sim,Melhorou
wget_v1.25.0,wget-1.25.0.pt_BR.llama.ctx-1.vi.po.meta,ctx-1,596,18.9676,20.5567,0.889221,Não,Sem diferença
wget_v1.25.0,wget-1.25.0.pt_BR.llama.ctx-2.fr-zh_CN.po.meta,ctx-2,596,18.9676,26.3242,0.0,Sim,Melhorou
wget_v1.25.0,wget-1.25.0.pt_BR.llama.ctx-1.fr.po.meta,ctx-1,596,18.9676,24.6121,0.0,Sim,Melhorou
wget_v1.25.0,wget-1.25.0.pt_BR.llama.ctx-2.id-zh_CN.po.meta,ctx-2,596,18.9676,22.533,2e-06,Sim,Melhorou
wget_v1.25.0,wget-1.25.0.pt_BR.llama.ctx-2.es-vi.po.meta,ctx-2,596,18.9676,24.6732,4e-06,Sim,Melhorou
wget_v1.25.0,wget-1.25.0.pt_BR.llama.ctx-2.es-fr.po.meta,ctx-2,596,18.9676,26.305,0.0,Sim,Melhorou
wget_v1.25.0,wget-1.25.0.pt_BR.llama.ctx-2.id-vi.po.meta,ctx-2,596,18.9676,21.3939,0.887173,Não,Sem diferença
wget_v1.25.0,wget-1.25.0.pt_BR.llama.ctx-2.fr-id.po.meta,ctx-2,596,18.9676,22.8695,0.0,Sim,Melhorou
wget_v1.25.0,wget-1.25.0.pt_BR.llama.ctx-2.fr-ru.po.meta,ctx-2,596,18.9676,24.8485,0.0,Sim,Melhorou
wget_v1.25.0,wget-1.25.0.pt_BR.llama.ctx-1.ru.po.meta,ctx-1,596,18.9676,21.97,0.0,Sim,Melhorou
wget_v1.25.0,wget-1.25.0.pt_BR.llama.ctx-2.de-ru.po.meta,ctx-2,596,18.9676,23.4402,0.0,Sim,Melhorou
wget_v1.25.0,wget-1.25.0.pt_BR.llama.ctx-2.de-id.po.meta,ctx-2,596,18.9676,23.2757,0.0,Sim,Melhorou
wget_v1.25.0,wget-1.25.0.pt_BR.llama.ctx-1.zh_CN.po.meta,ctx-1,596,18.9676,23.2708,0.0,Sim,Melhorou
wget_v1.25.0,wget-1.25.0.pt_BR.llama.ctx-2.vi-zh_CN.po.meta,ctx-2,596,18.9676,22.3666,0.012191,Sim,Melhorou
wget_v1.25.0,wget-1.25.0.pt_BR.llama.ctx-1.id.po.meta,ctx-1,596,18.9676,22.0896,1e-06,Sim,Melhorou
xdg-user-dirs_v0.17,xdg-user-dirs-0.17.pt_BR.llama.ctx-2.fr-ru.po.meta,ctx-2,28,0.0,0.0,0.00711,Sim,Sem diferença
xdg-user-dirs_v0.17,xdg-user-dirs-0.17.pt_BR.llama.ctx-1.de.po.meta,ctx-1,28,0.0,0.0,0.016947,Sim,Sem diferença
xdg-user-dirs_v0.17,xdg-user-dirs-0.17.pt_BR.llama.ctx-2.es-fr.po.meta,ctx-2,28,0.0,0.0,0.004482,Sim,Sem diferença
xdg-user-dirs_v0.17,xdg-user-dirs-0.17.pt_BR.llama.ctx-2.id-vi.po.meta,ctx-2,28,0.0,0.0,0.317311,Não,Sem diferença
xdg-user-dirs_v0.17,xdg-user-dirs-0.17.pt_BR.llama.ctx-1.es.po.meta,ctx-1,28,0.0,0.0,0.023544,Sim,Sem diferença
xdg-user-dirs_v0.17,xdg-user-dirs-0.17.pt_BR.llama.ctx-2.es-vi.po.meta,ctx-2,28,0.0,0.0,0.273322,Não,Sem diferença
xdg-user-dirs_v0.17,xdg-user-dirs-0.17.pt_BR.llama.ctx-2.fr-id.po.meta,ctx-2,28,0.0,0.0,0.016947,Sim,Sem diferença
xdg-user-dirs_v0.17,xdg-user-dirs-0.17.pt_BR.llama.ctx-2.de-id.po.meta,ctx-2,28,0.0,0.0,0.067889,Não,Sem diferença
xdg-user-dirs_v0.17,xdg-user-dirs-0.17.pt_BR.llama.ctx-1.zh_CN.po.meta,ctx-1,28,0.0,0.0,0.317311,Não,Sem diferença
xdg-user-dirs_v0.17,xdg-user-dirs-0.17.pt_BR.llama.ctx-2.vi-zh_CN.po.meta,ctx-2,28,0.0,0.0,0.317311,Não,Sem diferença
xdg-user-dirs_v0.17,xdg-user-dirs-0.17.pt_BR.llama.ctx-1.fr.po.meta,ctx-1,28,0.0,0.0,0.006656,Sim,Sem diferença
xdg-user-dirs_v0.17,xdg-user-dirs-0.17.pt_BR.llama.ctx-1.vi.po.meta,ctx-1,28,0.0,0.0,0.317311,Não,Sem diferença
xdg-user-dirs_v0.17,xdg-user-dirs-0.17.pt_BR.llama.ctx-2.de-ru.po.meta,ctx-2,28,0.0,0.0,0.005934,Sim,Sem diferença
xdg-user-dirs_v0.17,xdg-user-dirs-0.17.pt_BR.llama.ctx-2.es-ru.po.meta,ctx-2,28,0.0,0.0,0.004117,Sim,Sem diferença
xdg-user-dirs_v0.17,xdg-user-dirs-0.17.pt_BR.llama.ctx-2.id-ru.po.meta,ctx-2,28,0.0,0.0,0.026014,Sim,Sem diferença
xdg-user-dirs_v0.17,xdg-user-dirs-0.17.pt_BR.llama.ctx-2.ru-zh_CN.po.meta,ctx-2,28,0.0,0.0,0.015959,Sim,Sem diferença
xdg-user-dirs_v0.17,xdg-user-dirs-0.17.pt_BR.llama.ctx-2.es-id.po.meta,ctx-2,28,0.0,0.0,0.025597,Sim,Sem diferença
xdg-user-dirs_v0.17,xdg-user-dirs-0.17.pt_BR.llama.ctx-2.de-es.po.meta,ctx-2,28,0.0,0.0,0.016947,Sim,Sem diferença
xdg-user-dirs_v0.17,xdg-user-dirs-0.17.pt_BR.llama.ctx-2.fr-vi.po.meta,ctx-2,28,0.0,0.0,0.144127,Não,Sem diferença
xdg-user-dirs_v0.17,xdg-user-dirs-0.17.pt_BR.llama.ctx-2.ru-vi.po.meta,ctx-2,28,0.0,0.0,0.03936,Sim,Sem diferença
xdg-user-dirs_v0.17,xdg-user-dirs-0.17.pt_BR.llama.ctx-2.de-fr.po.meta,ctx-2,28,0.0,0.0,0.006656,Sim,Sem diferença
xdg-user-dirs_v0.17,xdg-user-dirs-0.17.pt_BR.llama.ctx-2.id-zh_CN.po.meta,ctx-2,28,0.0,0.0,1.0,Não,Sem diferença
xdg-user-dirs_v0.17,xdg-user-dirs-0.17.pt_BR.llama.ctx-2.de-vi.po.meta,ctx-2,28,0.0,0.0,0.136217,Não,Sem diferença
xdg-user-dirs_v0.17,xdg-user-dirs-0.17.pt_BR.llama.ctx-2.fr-zh_CN.po.meta,ctx-2,28,0.0,0.0,0.009748,Sim,Sem diferença
xdg-user-dirs_v0.17,xdg-user-dirs-0.17.pt_BR.llama.ctx-2.es-zh_CN.po.meta,ctx-2,28,0.0,0.0,0.015764,Sim,Sem diferença
xdg-user-dirs_v0.17,xdg-user-dirs-0.17.pt_BR.llama.ctx-1.id.po.meta,ctx-1,28,0.0,0.0,0.317311,Não,Sem diferença
xdg-user-dirs_v0.17,xdg-user-dirs-0.17.pt_BR.llama.ctx-2.de-zh_CN.po.meta,ctx-2,28,0.0,0.0,0.108809,Não,Sem diferença
xdg-user-dirs_v0.17,xdg-user-dirs-0.17.pt_BR.llama.ctx-1.ru.po.meta,ctx-1,28,0.0,0.0,0.005934,Sim,Sem diferença
