arquivo,ctx_level,ctx_label,idioma_contexto,n,media,mediana,desvio_padrao,variancia,minimo,q1,q3,maximo,iqr,zeros,pct_zeros
aspell-0.60.8.1.pt_BR.llama.ctx-0.po.meta,ctx-0,Sem contexto,,297,22.3707,14.1272,22.9272,525.6567,0.0,6.5673,31.9472,100.0,25.3799,36,12.12
aspell-0.60.8.1.pt_BR.llama.ctx-1.de.po.meta,ctx-1,1 idioma,DE,297,24.9213,15.9736,25.084,629.2074,0.0,7.2679,36.5555,100.0,29.2876,30,10.1
aspell-0.60.8.1.pt_BR.llama.ctx-1.es.po.meta,ctx-1,1 idioma,ES,297,34.4528,27.5161,29.8145,888.9039,0.0,10.6822,49.2027,100.0,38.5206,21,7.07
aspell-0.60.8.1.pt_BR.llama.ctx-1.fr.po.meta,ctx-1,1 idioma,FR,297,30.8409,23.6435,26.9352,725.5023,0.0,8.9138,46.3078,100.0,37.394,28,9.43
aspell-0.60.8.1.pt_BR.llama.ctx-1.id.po.meta,ctx-1,1 idioma,ID,297,26.7045,17.7474,25.7716,664.1756,0.0,8.1265,40.016,100.0,31.8895,34,11.45
aspell-0.60.8.1.pt_BR.llama.ctx-1.ru.po.meta,ctx-1,1 idioma,RU,297,30.4636,21.3644,28.7452,826.2851,0.0,9.1478,42.7287,100.0,33.5809,25,8.42
aspell-0.60.8.1.pt_BR.llama.ctx-1.vi.po.meta,ctx-1,1 idioma,VI,297,26.2411,15.9736,26.3742,695.5976,0.0,6.2747,41.7226,100.0,35.448,28,9.43
aspell-0.60.8.1.pt_BR.llama.ctx-1.zh_CN.po.meta,ctx-1,1 idioma,ZH_CN,297,25.9773,17.0261,24.9694,623.4691,0.0,7.3471,40.0497,100.0,32.7026,35,11.78
aspell-0.60.8.1.pt_BR.llama.ctx-2.de-es.po.meta,ctx-2,2 idiomas,"DE,ES",297,29.4941,22.6526,26.8718,722.0933,0.0,8.1167,45.8502,100.0,37.7335,32,10.77
aspell-0.60.8.1.pt_BR.llama.ctx-2.de-fr.po.meta,ctx-2,2 idiomas,"DE,FR",297,28.5355,19.494,27.2553,742.8538,0.0,7.8098,46.3078,100.0,38.4979,35,11.78
aspell-0.60.8.1.pt_BR.llama.ctx-2.de-id.po.meta,ctx-2,2 idiomas,"DE,ID",297,26.4257,17.7474,26.1364,683.109,0.0,6.7426,36.6178,100.0,29.8753,37,12.46
aspell-0.60.8.1.pt_BR.llama.ctx-2.de-ru.po.meta,ctx-2,2 idiomas,"DE,RU",297,28.7748,18.7983,27.8765,777.0991,0.0,7.7321,44.4353,100.0,36.7032,30,10.1
aspell-0.60.8.1.pt_BR.llama.ctx-2.de-vi.po.meta,ctx-2,2 idiomas,"DE,VI",297,27.2879,17.0261,26.5714,706.038,0.0,6.5673,42.1267,100.0,35.5594,33,11.11
aspell-0.60.8.1.pt_BR.llama.ctx-2.de-zh_CN.po.meta,ctx-2,2 idiomas,"DE,ZH_CN",297,25.8892,14.6235,26.6005,707.5848,0.0,6.5673,41.908,100.0,35.3407,38,12.79
aspell-0.60.8.1.pt_BR.llama.ctx-2.es-fr.po.meta,ctx-2,2 idiomas,"ES,FR",297,32.6507,26.9786,28.1256,791.0475,0.0,10.5711,48.6338,100.0,38.0628,24,8.08
aspell-0.60.8.1.pt_BR.llama.ctx-2.es-id.po.meta,ctx-2,2 idiomas,"ES,ID",297,33.284,27.8233,28.9492,838.0556,0.0,10.5118,47.3207,100.0,36.8089,29,9.76
aspell-0.60.8.1.pt_BR.llama.ctx-2.es-ru.po.meta,ctx-2,2 idiomas,"ES,RU",297,34.3486,27.5161,30.1656,909.9644,0.0,10.5399,50.0,100.0,39.4601,21,7.07
aspell-0.60.8.1.pt_BR.llama.ctx-2.es-vi.po.meta,ctx-2,2 idiomas,"ES,VI",297,33.2971,27.7581,28.5515,815.1854,0.0,10.1753,48.1469,100.0,37.9716,24,8.08
aspell-0.60.8.1.pt_BR.llama.ctx-2.es-zh_CN.po.meta,ctx-2,2 idiomas,"ES,ZH_CN",297,31.8133,23.6435,28.5709,816.2953,0.0,9.5354,46.5633,100.0,37.0279,26,8.75
aspell-0.60.8.1.pt_BR.llama.ctx-2.fr-id.po.meta,ctx-2,2 idiomas,"FR,ID",297,32.3706,26.2691,28.035,785.9627,0.0,10.5527,48.8923,100.0,38.3396,27,9.09
aspell-0.60.8.1.pt_BR.llama.ctx-2.fr-ru.po.meta,ctx-2,2 idiomas,"FR,RU",297,32.7207,27.0541,28.5102,812.8303,0.0,8.643,51.3345,100.0,42.6915,27,9.09
aspell-0.60.8.1.pt_BR.llama.ctx-2.fr-vi.po.meta,ctx-2,2 idiomas,"FR,VI",297,31.7674,25.8507,27.4637,754.2555,0.0,9.6524,49.2027,100.0,39.5503,26,8.75
aspell-0.60.8.1.pt_BR.llama.ctx-2.fr-zh_CN.po.meta,ctx-2,2 idiomas,"ZH_CN,FR",297,28.1088,21.0845,25.7513,663.1278,0.0,8.9138,41.6822,100.0,32.7684,29,9.76
aspell-0.60.8.1.pt_BR.llama.ctx-2.id-ru.po.meta,ctx-2,2 idiomas,"ID,RU",297,29.2206,20.8613,27.0514,731.7806,0.0,7.8098,44.6324,100.0,36.8225,36,12.12
aspell-0.60.8.1.pt_BR.llama.ctx-2.id-vi.po.meta,ctx-2,2 idiomas,"ID,VI",297,26.7721,17.7784,26.0225,677.1682,0.0,7.8098,39.7635,100.0,31.9537,36,12.12
aspell-0.60.8.1.pt_BR.llama.ctx-2.id-zh_CN.po.meta,ctx-2,2 idiomas,"ZH_CN,ID",297,27.7825,17.7474,27.2313,741.5426,0.0,7.1418,42.7287,100.0,35.5869,35,11.78
aspell-0.60.8.1.pt_BR.llama.ctx-2.ru-vi.po.meta,ctx-2,2 idiomas,"RU,VI",297,30.9235,21.9515,29.4644,868.1485,0.0,8.1706,46.1737,100.0,38.0031,28,9.43
aspell-0.60.8.1.pt_BR.llama.ctx-2.ru-zh_CN.po.meta,ctx-2,2 idiomas,"ZH_CN,RU",297,28.5217,19.6407,26.6386,709.6177,0.0,8.1167,42.7733,100.0,34.6566,31,10.44
aspell-0.60.8.1.pt_BR.llama.ctx-2.vi-zh_CN.po.meta,ctx-2,2 idiomas,"ZH_CN,VI",297,27.3254,16.8998,26.7092,713.3796,0.0,8.0545,42.4013,100.0,34.3468,32,10.77
bison-runtime-3.5.90.pt_BR.llama.ctx-0.po.meta,ctx-0,Sem contexto,,9,20.7332,19.7508,16.1718,261.5257,0.0,12.606,25.2119,53.7817,12.606,1,11.11
bison-runtime-3.5.90.pt_BR.llama.ctx-1.de.po.meta,ctx-1,1 idioma,DE,9,50.1181,57.3057,31.1235,968.6735,0.0,46.1737,64.5565,100.0,18.3829,1,11.11
bison-runtime-3.5.90.pt_BR.llama.ctx-1.es.po.meta,ctx-1,1 idioma,ES,9,48.6787,38.306,23.773,565.1551,23.6435,35.0844,55.0241,100.0,19.9397,0,0.0
bison-runtime-3.5.90.pt_BR.llama.ctx-1.fr.po.meta,ctx-1,1 idioma,FR,9,50.624,48.835,28.172,793.659,21.2006,23.6435,70.1397,100.0,46.4961,0,0.0
bison-runtime-3.5.90.pt_BR.llama.ctx-1.id.po.meta,ctx-1,1 idioma,ID,9,59.8239,59.4604,24.6945,609.8208,21.3644,51.5663,74.1709,100.0,22.6046,0,0.0
bison-runtime-3.5.90.pt_BR.llama.ctx-1.ru.po.meta,ctx-1,1 idioma,RU,9,64.3647,61.4788,30.8026,948.8016,0.0,54.6446,84.0896,100.0,29.445,1,11.11
bison-runtime-3.5.90.pt_BR.llama.ctx-1.vi.po.meta,ctx-1,1 idioma,VI,9,18.7058,9.6693,18.8468,355.2014,0.0,8.3922,22.9975,55.0321,14.6053,1,11.11
bison-runtime-3.5.90.pt_BR.llama.ctx-1.zh_CN.po.meta,ctx-1,1 idioma,ZH_CN,9,46.1606,47.0371,28.0502,786.8149,13.5659,21.4513,62.7252,100.0,41.2739,0,0.0
bison-runtime-3.5.90.pt_BR.llama.ctx-2.de-es.po.meta,ctx-2,2 idiomas,"DE,ES",9,36.9811,34.4607,20.828,433.806,7.4956,30.2138,51.5663,70.1397,21.3525,0,0.0
bison-runtime-3.5.90.pt_BR.llama.ctx-2.de-fr.po.meta,ctx-2,2 idiomas,"DE,FR",9,21.2468,22.3162,15.4994,240.2325,0.0,8.0846,37.0305,40.016,28.9459,1,11.11
bison-runtime-3.5.90.pt_BR.llama.ctx-2.de-id.po.meta,ctx-2,2 idiomas,"DE,ID",9,34.3148,30.3265,22.6756,514.1806,5.0619,14.6992,48.835,70.1397,34.1357,0,0.0
bison-runtime-3.5.90.pt_BR.llama.ctx-2.de-ru.po.meta,ctx-2,2 idiomas,"DE,RU",9,45.9043,51.02,30.661,940.0972,0.0,30.3265,58.6395,100.0,28.313,1,11.11
bison-runtime-3.5.90.pt_BR.llama.ctx-2.de-vi.po.meta,ctx-2,2 idiomas,"VI,DE",9,23.7008,9.6693,32.1825,1035.7124,0.0,8.0978,16.2334,100.0,8.1356,1,11.11
bison-runtime-3.5.90.pt_BR.llama.ctx-2.de-zh_CN.po.meta,ctx-2,2 idiomas,"ZH_CN,DE",9,49.6373,47.631,25.0593,627.9705,21.7119,30.3265,62.7252,100.0,32.3986,0,0.0
bison-runtime-3.5.90.pt_BR.llama.ctx-2.es-fr.po.meta,ctx-2,2 idiomas,"FR,ES",9,45.2207,39.5533,25.987,675.3263,16.9952,30.3265,51.5663,100.0,21.2397,0,0.0
bison-runtime-3.5.90.pt_BR.llama.ctx-2.es-id.po.meta,ctx-2,2 idiomas,"ID,ES",9,39.8027,35.4948,27.2515,742.6424,12.8037,19.1569,47.0371,100.0,27.8802,0,0.0
bison-runtime-3.5.90.pt_BR.llama.ctx-2.es-ru.po.meta,ctx-2,2 idiomas,"ES,RU",9,44.5527,36.3623,27.7232,768.578,13.5858,26.8017,62.3777,100.0,35.5761,0,0.0
bison-runtime-3.5.90.pt_BR.llama.ctx-2.es-vi.po.meta,ctx-2,2 idiomas,"VI,ES",9,37.7521,30.277,29.1414,849.2194,8.0846,19.4274,36.3623,100.0,16.9348,0,0.0
bison-runtime-3.5.90.pt_BR.llama.ctx-2.es-zh_CN.po.meta,ctx-2,2 idiomas,"ZH_CN,ES",9,39.8964,30.3265,27.5944,761.4519,14.5358,22.9975,42.4616,100.0,19.4641,0,0.0
bison-runtime-3.5.90.pt_BR.llama.ctx-2.fr-id.po.meta,ctx-2,2 idiomas,"ID,FR",9,35.473,30.3265,26.4912,701.7821,7.3059,21.3644,37.4203,100.0,16.056,0,0.0
bison-runtime-3.5.90.pt_BR.llama.ctx-2.fr-ru.po.meta,ctx-2,2 idiomas,"FR,RU",9,53.4982,54.7524,26.8337,720.0454,6.5673,40.016,70.1397,100.0,30.1237,0,0.0
bison-runtime-3.5.90.pt_BR.llama.ctx-2.fr-vi.po.meta,ctx-2,2 idiomas,"VI,FR",9,33.4285,26.2691,33.6728,1133.8551,0.0,8.0978,48.835,100.0,40.7372,1,11.11
bison-runtime-3.5.90.pt_BR.llama.ctx-2.fr-zh_CN.po.meta,ctx-2,2 idiomas,"ZH_CN,FR",9,43.5463,31.5598,25.7053,660.7601,19.7859,26.6473,51.02,100.0,24.3727,0,0.0
bison-runtime-3.5.90.pt_BR.llama.ctx-2.id-ru.po.meta,ctx-2,2 idiomas,"ID,RU",9,50.4291,55.7924,26.3337,693.4649,0.0,30.3265,66.0633,84.0896,35.7368,1,11.11
bison-runtime-3.5.90.pt_BR.llama.ctx-2.id-vi.po.meta,ctx-2,2 idiomas,"VI,ID",9,26.3457,10.5527,31.0296,962.8367,4.1961,9.1035,30.3265,100.0,21.223,0,0.0
bison-runtime-3.5.90.pt_BR.llama.ctx-2.id-zh_CN.po.meta,ctx-2,2 idiomas,"ZH_CN,ID",9,55.133,51.5663,24.3765,594.2124,16.2334,48.8101,70.1397,100.0,21.3296,0,0.0
bison-runtime-3.5.90.pt_BR.llama.ctx-2.ru-vi.po.meta,ctx-2,2 idiomas,"VI,RU",9,32.0102,40.016,31.787,1010.4155,0.0,8.0846,42.6108,100.0,34.5262,2,22.22
bison-runtime-3.5.90.pt_BR.llama.ctx-2.ru-zh_CN.po.meta,ctx-2,2 idiomas,"ZH_CN,RU",9,46.8339,48.8101,28.2524,798.1989,8.2952,30.3265,58.2823,100.0,27.9558,0,0.0
bison-runtime-3.5.90.pt_BR.llama.ctx-2.vi-zh_CN.po.meta,ctx-2,2 idiomas,"VI,ZH_CN",9,41.495,41.1134,26.7054,713.1781,8.0846,29.5023,51.5663,100.0,22.0639,0,0.0
diffutils-3.10.242.pt_BR.llama.ctx-0.po.meta,ctx-0,Sem contexto,,262,26.8752,18.4548,26.4869,701.5551,0.0,8.3922,33.2063,100.0,24.8141,13,4.96
diffutils-3.10.242.pt_BR.llama.ctx-1.es.po.meta,ctx-1,1 idioma,ES,262,37.0062,29.7987,28.35,803.7218,0.0,17.3501,52.328,100.0,34.9779,11,4.2
diffutils-3.10.242.pt_BR.llama.ctx-1.fr.po.meta,ctx-1,1 idioma,FR,262,32.9269,23.5472,27.5774,760.5117,0.0,12.8111,42.8345,100.0,30.0234,11,4.2
diffutils-3.10.242.pt_BR.llama.ctx-1.id.po.meta,ctx-1,1 idioma,ID,262,25.6078,18.6219,24.7323,611.6879,0.0,9.7325,31.6087,100.0,21.8761,20,7.63
diffutils-3.10.242.pt_BR.llama.ctx-1.ru.po.meta,ctx-1,1 idioma,RU,262,29.6925,20.5567,26.1737,685.0609,0.0,11.5912,40.5018,100.0,28.9106,12,4.58
diffutils-3.10.242.pt_BR.llama.ctx-1.vi.po.meta,ctx-1,1 idioma,VI,262,24.3379,16.0846,24.1524,583.34,0.0,8.1844,31.9472,100.0,23.7627,16,6.11
diffutils-3.10.242.pt_BR.llama.ctx-1.zh_CN.po.meta,ctx-1,1 idioma,ZH_CN,262,28.9506,19.5951,26.8965,723.4233,0.0,11.2192,35.5699,100.0,24.3507,13,4.96
diffutils-3.10.242.pt_BR.llama.ctx-2.de-es.po.meta,ctx-2,2 idiomas,"DE,ES",262,30.9774,21.2825,26.3093,692.1818,0.0,13.2222,41.1134,100.0,27.8912,12,4.58
diffutils-3.10.242.pt_BR.llama.ctx-2.de-fr.po.meta,ctx-2,2 idiomas,"DE,FR",262,31.4392,21.253,27.2411,742.0766,0.0,12.6303,42.9785,100.0,30.3482,14,5.34
diffutils-3.10.242.pt_BR.llama.ctx-2.de-id.po.meta,ctx-2,2 idiomas,"ID,DE",262,26.5207,18.9041,24.8869,619.356,0.0,10.6822,31.7023,100.0,21.0202,14,5.34
diffutils-3.10.242.pt_BR.llama.ctx-2.de-ru.po.meta,ctx-2,2 idiomas,"DE,RU",262,31.043,20.4845,27.4881,755.5983,0.0,12.7033,44.6169,100.0,31.9135,13,4.96
diffutils-3.10.242.pt_BR.llama.ctx-2.de-vi.po.meta,ctx-2,2 idiomas,"DE,VI",262,29.5315,21.3644,25.8504,668.2451,0.0,11.6407,38.9842,100.0,27.3435,16,6.11
diffutils-3.10.242.pt_BR.llama.ctx-2.de-zh_CN.po.meta,ctx-2,2 idiomas,"DE,ZH_CN",262,28.6986,18.5008,26.6094,708.0624,0.0,11.234,37.9166,100.0,26.6826,17,6.49
diffutils-3.10.242.pt_BR.llama.ctx-2.es-fr.po.meta,ctx-2,2 idiomas,"FR,ES",262,34.6031,27.4086,28.6706,822.0027,0.0,12.7033,48.8535,100.0,36.1502,13,4.96
diffutils-3.10.242.pt_BR.llama.ctx-2.es-id.po.meta,ctx-2,2 idiomas,"ID,ES",262,28.8294,20.7342,24.9681,623.4045,0.0,11.7655,38.7027,100.0,26.9372,14,5.34
diffutils-3.10.242.pt_BR.llama.ctx-2.es-ru.po.meta,ctx-2,2 idiomas,"RU,ES",262,33.0469,23.6109,26.1654,684.6282,0.0,15.1517,43.9821,100.0,28.8304,9,3.44
diffutils-3.10.242.pt_BR.llama.ctx-2.es-vi.po.meta,ctx-2,2 idiomas,"VI,ES",262,29.805,20.9793,26.4525,699.7348,0.0,11.9256,39.643,100.0,27.7174,15,5.73
diffutils-3.10.242.pt_BR.llama.ctx-2.es-zh_CN.po.meta,ctx-2,2 idiomas,"ES,ZH_CN",262,36.5366,28.7354,28.4847,811.3764,0.0,15.1444,51.3508,100.0,36.2064,10,3.82
diffutils-3.10.242.pt_BR.llama.ctx-2.fr-id.po.meta,ctx-2,2 idiomas,"ID,FR",262,28.1939,20.0502,25.4023,645.2782,0.0,11.5495,38.4514,100.0,26.9019,13,4.96
diffutils-3.10.242.pt_BR.llama.ctx-2.fr-ru.po.meta,ctx-2,2 idiomas,"FR,RU",262,33.0163,22.2013,28.7413,826.061,0.0,12.4176,45.0121,100.0,32.5944,11,4.2
diffutils-3.10.242.pt_BR.llama.ctx-2.fr-vi.po.meta,ctx-2,2 idiomas,"VI,FR",262,27.3864,18.3581,25.8952,670.5624,0.0,9.9672,36.8016,100.0,26.8345,14,5.34
diffutils-3.10.242.pt_BR.llama.ctx-2.fr-zh_CN.po.meta,ctx-2,2 idiomas,"FR,ZH_CN",262,32.6598,23.6435,27.8668,776.5605,0.0,12.7033,42.0793,100.0,29.376,12,4.58
diffutils-3.10.242.pt_BR.llama.ctx-2.id-ru.po.meta,ctx-2,2 idiomas,"ID,RU",262,26.7296,17.5422,25.5697,653.8077,0.0,10.9128,33.9325,100.0,23.0197,15,5.73
diffutils-3.10.242.pt_BR.llama.ctx-2.id-vi.po.meta,ctx-2,2 idiomas,"ID,VI",262,25.0397,17.1081,24.7373,611.9326,0.0,8.8041,31.7022,100.0,22.898,18,6.87
diffutils-3.10.242.pt_BR.llama.ctx-2.id-zh_CN.po.meta,ctx-2,2 idiomas,"ID,ZH_CN",262,26.2648,19.0334,25.0576,627.8829,0.0,10.9694,33.1945,100.0,22.2251,16,6.11
diffutils-3.10.242.pt_BR.llama.ctx-2.ru-vi.po.meta,ctx-2,2 idiomas,"VI,RU",262,25.9723,18.2179,24.9302,621.5138,0.0,9.5972,34.0815,100.0,24.4843,17,6.49
diffutils-3.10.242.pt_BR.llama.ctx-2.ru-zh_CN.po.meta,ctx-2,2 idiomas,"RU,ZH_CN",262,29.9925,20.581,26.5121,702.8926,0.0,11.6658,37.1253,100.0,25.4596,10,3.82
diffutils-3.10.242.pt_BR.llama.ctx-2.vi-zh_CN.po.meta,ctx-2,2 idiomas,"VI,ZH_CN",262,25.9921,18.0048,25.0892,629.4693,0.0,10.3609,31.9472,100.0,21.5862,13,4.96
exif-0.6.22.pt_BR.llama.ctx-0.po.meta,ctx-0,Sem contexto,,69,16.9099,7.2679,22.1364,490.0221,0.0,3.4198,26.9111,100.0,23.4913,14,20.29
exif-0.6.22.pt_BR.llama.ctx-1.de.po.meta,ctx-1,1 idioma,DE,69,23.3013,10.6822,26.2256,687.7843,0.0,4.7677,40.9365,100.0,36.1688,13,18.84
exif-0.6.22.pt_BR.llama.ctx-1.es.po.meta,ctx-1,1 idioma,ES,69,27.2507,18.5751,27.6763,765.9782,0.0,7.4924,42.2684,100.0,34.7759,9,13.04
exif-0.6.22.pt_BR.llama.ctx-1.fr.po.meta,ctx-1,1 idioma,FR,69,30.2067,17.4235,32.3462,1046.2751,0.0,5.7514,44.6324,100.0,38.881,11,15.94
exif-0.6.22.pt_BR.llama.ctx-1.id.po.meta,ctx-1,1 idioma,ID,69,17.5651,9.6524,21.5937,466.2899,0.0,2.2617,27.5161,100.0,25.2544,16,23.19
exif-0.6.22.pt_BR.llama.ctx-1.ru.po.meta,ctx-1,1 idioma,RU,69,23.7114,10.6822,28.4807,811.152,0.0,4.0654,38.1371,100.0,34.0716,11,15.94
exif-0.6.22.pt_BR.llama.ctx-1.vi.po.meta,ctx-1,1 idioma,VI,69,21.1872,11.2085,24.0041,576.1947,0.0,0.0,37.9918,100.0,37.9918,18,26.09
exif-0.6.22.pt_BR.llama.ctx-1.zh_CN.po.meta,ctx-1,1 idioma,ZH_CN,69,18.6071,10.6822,23.6184,557.83,0.0,3.6735,22.2652,100.0,18.5917,13,18.84
exif-0.6.22.pt_BR.llama.ctx-2.de-es.po.meta,ctx-2,2 idiomas,"DE,ES",69,24.8086,10.826,28.9596,838.6572,0.0,5.6698,40.9365,100.0,35.2667,11,15.94
exif-0.6.22.pt_BR.llama.ctx-2.de-fr.po.meta,ctx-2,2 idiomas,"DE,FR",69,26.899,12.7033,30.2883,917.3824,0.0,5.5224,42.2684,100.0,36.746,11,15.94
exif-0.6.22.pt_BR.llama.ctx-2.de-id.po.meta,ctx-2,2 idiomas,"DE,ID",69,23.8275,10.6822,29.0354,843.0524,0.0,5.3002,40.9365,100.0,35.6364,14,20.29
exif-0.6.22.pt_BR.llama.ctx-2.de-ru.po.meta,ctx-2,2 idiomas,"DE,RU",69,23.7809,10.6822,27.1356,736.3405,0.0,6.2701,39.7635,100.0,33.4934,11,15.94
exif-0.6.22.pt_BR.llama.ctx-2.de-vi.po.meta,ctx-2,2 idiomas,"VI,DE",69,22.6255,14.4656,24.1608,583.7425,0.0,0.0,40.325,100.0,40.325,18,26.09
exif-0.6.22.pt_BR.llama.ctx-2.de-zh_CN.po.meta,ctx-2,2 idiomas,"DE,ZH_CN",69,23.2342,10.6822,26.1307,682.8141,0.0,6.2747,40.9365,100.0,34.6619,12,17.39
exif-0.6.22.pt_BR.llama.ctx-2.es-fr.po.meta,ctx-2,2 idiomas,"FR,ES",69,26.5366,17.4235,28.1529,792.5875,0.0,5.5224,42.2684,100.0,36.746,8,11.59
exif-0.6.22.pt_BR.llama.ctx-2.es-id.po.meta,ctx-2,2 idiomas,"ES,ID",69,25.6604,13.5404,27.655,764.7968,0.0,5.9342,41.3682,100.0,35.434,9,13.04
exif-0.6.22.pt_BR.llama.ctx-2.es-ru.po.meta,ctx-2,2 idiomas,"ES,RU",69,28.182,18.5751,28.3064,801.254,0.0,6.5673,43.4437,100.0,36.8764,8,11.59
exif-0.6.22.pt_BR.llama.ctx-2.es-vi.po.meta,ctx-2,2 idiomas,"VI,ES",69,23.8134,9.6524,28.394,806.2173,0.0,2.0244,40.1768,100.0,38.1524,15,21.74
exif-0.6.22.pt_BR.llama.ctx-2.es-zh_CN.po.meta,ctx-2,2 idiomas,"ES,ZH_CN",69,28.1931,16.9436,27.8568,776.0028,0.0,7.8098,43.5977,100.0,35.7878,10,14.49
exif-0.6.22.pt_BR.llama.ctx-2.fr-id.po.meta,ctx-2,2 idiomas,"FR,ID",69,24.6166,13.1345,27.1182,735.396,0.0,4.7677,35.3553,100.0,30.5876,10,14.49
exif-0.6.22.pt_BR.llama.ctx-2.fr-ru.po.meta,ctx-2,2 idiomas,"FR,RU",69,27.1788,18.4369,29.3812,863.2531,0.0,5.6698,37.9918,100.0,32.322,9,13.04
exif-0.6.22.pt_BR.llama.ctx-2.fr-vi.po.meta,ctx-2,2 idiomas,"VI,FR",69,25.2082,16.2334,27.8839,777.5122,0.0,3.7478,40.325,100.0,36.5773,14,20.29
exif-0.6.22.pt_BR.llama.ctx-2.fr-zh_CN.po.meta,ctx-2,2 idiomas,"FR,ZH_CN",69,27.3453,12.4402,29.7615,885.7487,0.0,6.039,43.4437,100.0,37.4047,9,13.04
exif-0.6.22.pt_BR.llama.ctx-2.id-ru.po.meta,ctx-2,2 idiomas,"ID,RU",69,16.69,10.4006,20.5428,422.0074,0.0,3.2186,24.9258,100.0,21.7073,16,23.19
exif-0.6.22.pt_BR.llama.ctx-2.id-vi.po.meta,ctx-2,2 idiomas,"VI,ID",69,18.7593,7.2679,24.3486,592.8521,0.0,0.0,31.1709,100.0,31.1709,19,27.54
exif-0.6.22.pt_BR.llama.ctx-2.id-zh_CN.po.meta,ctx-2,2 idiomas,"ID,ZH_CN",69,18.2088,10.1471,22.9303,525.7979,0.0,3.1252,25.7487,100.0,22.6235,16,23.19
exif-0.6.22.pt_BR.llama.ctx-2.ru-vi.po.meta,ctx-2,2 idiomas,"VI,RU",69,19.6051,9.5354,24.2388,587.5192,0.0,3.4331,31.1709,100.0,27.7378,14,20.29
exif-0.6.22.pt_BR.llama.ctx-2.ru-zh_CN.po.meta,ctx-2,2 idiomas,"RU,ZH_CN",69,22.7999,10.6822,28.2793,799.7181,0.0,4.99,31.1709,100.0,26.1809,12,17.39
exif-0.6.22.pt_BR.llama.ctx-2.vi-zh_CN.po.meta,ctx-2,2 idiomas,"VI,ZH_CN",69,24.7798,15.9736,26.9378,725.6467,0.0,2.1531,40.325,100.0,38.1719,15,21.74
gst-plugins-bad-1.27.90.pt_BR.llama.ctx-0.po.meta,ctx-0,Sem contexto,,28,35.0873,30.0212,30.9503,957.9229,0.0,9.4958,42.8628,100.0,33.367,2,7.14
gst-plugins-bad-1.27.90.pt_BR.llama.ctx-1.de.po.meta,ctx-1,1 idioma,DE,28,40.0218,35.4737,26.4709,700.7088,3.4857,21.3131,56.7208,100.0,35.4077,0,0.0
gst-plugins-bad-1.27.90.pt_BR.llama.ctx-1.es.po.meta,ctx-1,1 idioma,ES,28,37.3313,35.9842,22.5349,507.8222,6.7426,23.0298,46.4465,100.0,23.4167,0,0.0
gst-plugins-bad-1.27.90.pt_BR.llama.ctx-1.fr.po.meta,ctx-1,1 idioma,FR,28,38.8875,35.0767,25.1176,630.8929,3.3865,23.8225,53.6308,100.0,29.8083,0,0.0
gst-plugins-bad-1.27.90.pt_BR.llama.ctx-1.id.po.meta,ctx-1,1 idioma,ID,28,27.6803,24.1358,20.024,400.9593,2.6374,14.7991,35.4428,80.9107,20.6437,0,0.0
gst-plugins-bad-1.27.90.pt_BR.llama.ctx-1.ru.po.meta,ctx-1,1 idioma,RU,28,37.2036,35.1576,26.4694,700.6275,0.0,15.1868,53.3557,100.0,38.1689,1,3.57
gst-plugins-bad-1.27.90.pt_BR.llama.ctx-1.vi.po.meta,ctx-1,1 idioma,VI,28,31.4313,23.8285,25.847,668.0655,3.3865,10.861,46.8505,100.0,35.9895,0,0.0
gst-plugins-bad-1.27.90.pt_BR.llama.ctx-1.zh_CN.po.meta,ctx-1,1 idioma,ZH_CN,28,35.0974,26.5385,28.8414,831.8275,5.1146,10.0321,53.732,100.0,43.6999,0,0.0
gst-plugins-bad-1.27.90.pt_BR.llama.ctx-2.de-es.po.meta,ctx-2,2 idiomas,"ES,DE",28,41.0006,35.626,27.3775,749.5251,6.2994,17.4382,54.3521,100.0,36.9139,0,0.0
gst-plugins-bad-1.27.90.pt_BR.llama.ctx-2.de-fr.po.meta,ctx-2,2 idiomas,"FR,DE",28,42.7007,43.7161,27.3681,749.0124,3.3865,22.2395,60.1484,100.0,37.9089,0,0.0
gst-plugins-bad-1.27.90.pt_BR.llama.ctx-2.de-id.po.meta,ctx-2,2 idiomas,"ID,DE",28,33.6904,27.2636,27.525,757.6274,0.0,9.0213,51.0255,100.0,42.0042,1,3.57
gst-plugins-bad-1.27.90.pt_BR.llama.ctx-2.de-ru.po.meta,ctx-2,2 idiomas,"RU,DE",28,38.9199,35.0389,26.5857,706.8006,0.0,14.7123,53.6066,100.0,38.8943,1,3.57
gst-plugins-bad-1.27.90.pt_BR.llama.ctx-2.de-vi.po.meta,ctx-2,2 idiomas,"VI,DE",28,45.176,37.8425,29.4619,868.0063,3.3865,24.1373,67.7624,100.0,43.625,0,0.0
gst-plugins-bad-1.27.90.pt_BR.llama.ctx-2.de-zh_CN.po.meta,ctx-2,2 idiomas,"ZH_CN,DE",28,37.361,30.8729,28.6093,818.49,0.0,14.9984,53.6066,100.0,38.6082,1,3.57
gst-plugins-bad-1.27.90.pt_BR.llama.ctx-2.es-fr.po.meta,ctx-2,2 idiomas,"ES,FR",28,36.3907,36.3184,23.6527,559.4523,5.1146,17.9426,51.8448,100.0,33.9022,0,0.0
gst-plugins-bad-1.27.90.pt_BR.llama.ctx-2.es-id.po.meta,ctx-2,2 idiomas,"ES,ID",28,37.0138,35.9842,24.4035,595.5332,0.0,20.4025,53.2321,100.0,32.8296,1,3.57
gst-plugins-bad-1.27.90.pt_BR.llama.ctx-2.es-ru.po.meta,ctx-2,2 idiomas,"RU,ES",28,37.016,29.3442,27.2943,744.9797,0.0,13.6997,53.2801,100.0,39.5804,1,3.57
gst-plugins-bad-1.27.90.pt_BR.llama.ctx-2.es-vi.po.meta,ctx-2,2 idiomas,"VI,ES",28,39.6313,29.0189,28.8374,831.5954,3.3865,19.9861,54.597,100.0,34.6109,0,0.0
gst-plugins-bad-1.27.90.pt_BR.llama.ctx-2.es-zh_CN.po.meta,ctx-2,2 idiomas,"ZH_CN,ES",28,38.3765,35.1277,26.2074,686.8279,0.0,16.5717,54.597,100.0,38.0252,1,3.57
gst-plugins-bad-1.27.90.pt_BR.llama.ctx-2.fr-id.po.meta,ctx-2,2 idiomas,"FR,ID",28,40.1534,34.8533,28.2306,796.9663,3.3865,16.1906,60.1484,100.0,43.9578,0,0.0
gst-plugins-bad-1.27.90.pt_BR.llama.ctx-2.fr-ru.po.meta,ctx-2,2 idiomas,"RU,FR",28,38.0217,30.7267,28.7761,828.0639,0.0,15.1868,53.6066,100.0,38.4198,1,3.57
gst-plugins-bad-1.27.90.pt_BR.llama.ctx-2.fr-vi.po.meta,ctx-2,2 idiomas,"VI,FR",28,34.043,26.1172,26.8513,720.9941,3.3865,14.7154,51.0464,100.0,36.331,0,0.0
gst-plugins-bad-1.27.90.pt_BR.llama.ctx-2.fr-zh_CN.po.meta,ctx-2,2 idiomas,"ZH_CN,FR",28,36.082,34.1374,25.0597,627.9889,3.3865,14.0711,50.675,100.0,36.6039,0,0.0
gst-plugins-bad-1.27.90.pt_BR.llama.ctx-2.id-ru.po.meta,ctx-2,2 idiomas,"RU,ID",28,34.3879,33.1062,26.4763,700.9923,0.0,14.7154,42.0024,100.0,27.287,1,3.57
gst-plugins-bad-1.27.90.pt_BR.llama.ctx-2.id-vi.po.meta,ctx-2,2 idiomas,"VI,ID",28,33.2662,25.4908,26.7861,717.4978,3.3865,15.081,42.8628,100.0,27.7818,0,0.0
gst-plugins-bad-1.27.90.pt_BR.llama.ctx-2.id-zh_CN.po.meta,ctx-2,2 idiomas,"ZH_CN,ID",28,31.5788,26.0839,27.0985,734.3309,0.0,9.0213,42.0024,100.0,32.9811,1,3.57
gst-plugins-bad-1.27.90.pt_BR.llama.ctx-2.ru-vi.po.meta,ctx-2,2 idiomas,"VI,RU",28,35.1314,30.3526,28.3272,802.4275,3.3865,9.8414,51.4357,100.0,41.5943,0,0.0
gst-plugins-bad-1.27.90.pt_BR.llama.ctx-2.ru-zh_CN.po.meta,ctx-2,2 idiomas,"ZH_CN,RU",28,39.4984,34.8982,28.0539,787.024,0.0,15.1868,53.6066,100.0,38.4198,1,3.57
gst-plugins-bad-1.27.90.pt_BR.llama.ctx-2.vi-zh_CN.po.meta,ctx-2,2 idiomas,"ZH_CN,VI",28,30.524,26.093,25.8252,666.9393,0.0,9.1037,46.8505,100.0,37.7468,1,3.57
gst-plugins-ugly-1.27.90.pt_BR.llama.ctx-0.po.meta,ctx-0,Sem contexto,,10,26.7362,23.7018,11.3859,129.6398,15.4351,18.6569,30.2337,50.8133,11.5768,0,0.0
gst-plugins-ugly-1.27.90.pt_BR.llama.ctx-1.de.po.meta,ctx-1,1 idioma,DE,10,31.9177,22.4754,27.1059,734.7303,8.0545,16.7913,37.1168,100.0,20.3255,0,0.0
gst-plugins-ugly-1.27.90.pt_BR.llama.ctx-1.es.po.meta,ctx-1,1 idioma,ES,10,43.7259,41.6504,19.9546,398.1879,19.7406,25.7252,56.4885,77.4403,30.7634,0,0.0
gst-plugins-ugly-1.27.90.pt_BR.llama.ctx-1.fr.po.meta,ctx-1,1 idioma,FR,10,20.5564,19.8504,10.2923,105.9305,8.1167,13.4777,24.074,41.1134,10.5963,0,0.0
gst-plugins-ugly-1.27.90.pt_BR.llama.ctx-1.id.po.meta,ctx-1,1 idioma,ID,10,19.0689,17.5879,10.5155,110.5753,6.3309,12.0654,22.474,41.1134,10.4087,0,0.0
gst-plugins-ugly-1.27.90.pt_BR.llama.ctx-1.ru.po.meta,ctx-1,1 idioma,RU,10,33.4957,22.4754,23.7916,566.0408,4.668,17.0972,48.3883,74.2088,31.2911,0,0.0
gst-plugins-ugly-1.27.90.pt_BR.llama.ctx-1.vi.po.meta,ctx-1,1 idioma,VI,10,29.5216,22.541,19.0848,364.2282,8.1167,19.9316,38.3885,74.2088,18.4568,0,0.0
gst-plugins-ugly-1.27.90.pt_BR.llama.ctx-1.zh_CN.po.meta,ctx-1,1 idioma,ZH_CN,10,31.9624,22.446,26.256,689.3786,12.4164,17.0784,36.9466,100.0,19.8681,0,0.0
gst-plugins-ugly-1.27.90.pt_BR.llama.ctx-2.de-es.po.meta,ctx-2,2 idiomas,"DE,ES",10,38.6537,33.1062,26.2106,686.9954,8.2931,20.917,48.289,100.0,27.3719,0,0.0
gst-plugins-ugly-1.27.90.pt_BR.llama.ctx-2.de-fr.po.meta,ctx-2,2 idiomas,"DE,FR",10,32.7877,24.7867,25.5283,651.693,10.6581,19.9316,35.5012,100.0,15.5696,0,0.0
gst-plugins-ugly-1.27.90.pt_BR.llama.ctx-2.de-id.po.meta,ctx-2,2 idiomas,"ID,DE",10,22.1277,19.4376,14.0859,198.4135,5.708,13.4249,24.0143,50.8133,10.5894,0,0.0
gst-plugins-ugly-1.27.90.pt_BR.llama.ctx-2.de-ru.po.meta,ctx-2,2 idiomas,"DE,RU",10,31.1043,22.4754,27.8461,775.4075,5.1144,17.1311,37.1168,100.0,19.9857,0,0.0
gst-plugins-ugly-1.27.90.pt_BR.llama.ctx-2.de-vi.po.meta,ctx-2,2 idiomas,"VI,DE",10,21.0557,20.1226,12.3133,151.6179,5.708,10.6265,27.6879,41.1134,17.0613,0,0.0
gst-plugins-ugly-1.27.90.pt_BR.llama.ctx-2.de-zh_CN.po.meta,ctx-2,2 idiomas,"DE,ZH_CN",10,34.4264,24.6273,26.1186,682.1803,10.9915,19.9316,40.0574,100.0,20.1258,0,0.0
gst-plugins-ugly-1.27.90.pt_BR.llama.ctx-2.es-fr.po.meta,ctx-2,2 idiomas,"ES,FR",10,37.2321,38.917,14.4767,209.5747,14.9237,26.3052,47.6625,57.0675,21.3573,0,0.0
gst-plugins-ugly-1.27.90.pt_BR.llama.ctx-2.es-id.po.meta,ctx-2,2 idiomas,"ID,ES",10,33.2252,29.5091,23.5954,556.7429,2.164,19.9316,43.6354,71.6626,23.7038,0,0.0
gst-plugins-ugly-1.27.90.pt_BR.llama.ctx-2.es-ru.po.meta,ctx-2,2 idiomas,"ES,RU",10,33.7411,31.3251,19.3867,375.8428,8.1167,20.8806,41.919,69.3098,21.0384,0,0.0
gst-plugins-ugly-1.27.90.pt_BR.llama.ctx-2.es-vi.po.meta,ctx-2,2 idiomas,"VI,ES",10,28.733,22.4754,20.4255,417.2007,3.1938,15.6775,40.6875,64.1387,25.01,0,0.0
gst-plugins-ugly-1.27.90.pt_BR.llama.ctx-2.es-zh_CN.po.meta,ctx-2,2 idiomas,"ES,ZH_CN",10,31.5002,25.9827,18.6106,346.3528,8.1167,19.9316,41.919,67.865,21.9874,0,0.0
gst-plugins-ugly-1.27.90.pt_BR.llama.ctx-2.fr-id.po.meta,ctx-2,2 idiomas,"ID,FR",10,22.3333,19.3507,14.1286,199.6171,5.4393,17.174,23.8278,50.8133,6.6538,0,0.0
gst-plugins-ugly-1.27.90.pt_BR.llama.ctx-2.fr-ru.po.meta,ctx-2,2 idiomas,"FR,RU",10,19.5199,18.2332,10.7791,116.1898,6.3849,11.8773,23.4608,41.1134,11.5835,0,0.0
gst-plugins-ugly-1.27.90.pt_BR.llama.ctx-2.fr-vi.po.meta,ctx-2,2 idiomas,"VI,FR",10,23.7651,19.9993,18.5071,342.5114,3.1938,9.2836,36.9466,54.7518,27.663,0,0.0
gst-plugins-ugly-1.27.90.pt_BR.llama.ctx-2.fr-zh_CN.po.meta,ctx-2,2 idiomas,"ZH_CN,FR",10,33.4303,23.9381,25.8385,667.6257,12.4479,19.9316,37.1168,100.0,17.1852,0,0.0
gst-plugins-ugly-1.27.90.pt_BR.llama.ctx-2.id-ru.po.meta,ctx-2,2 idiomas,"ID,RU",10,25.8369,20.1226,21.0533,443.2419,4.4786,9.4659,36.9466,67.865,27.4806,0,0.0
gst-plugins-ugly-1.27.90.pt_BR.llama.ctx-2.id-vi.po.meta,ctx-2,2 idiomas,"ID,VI",10,26.8686,19.4376,20.4513,418.2545,5.708,12.2113,38.3885,67.865,26.1771,0,0.0
gst-plugins-ugly-1.27.90.pt_BR.llama.ctx-2.id-zh_CN.po.meta,ctx-2,2 idiomas,"ID,ZH_CN",10,19.7185,17.9698,11.299,127.6664,6.4139,10.7077,24.0678,41.1134,13.3601,0,0.0
gst-plugins-ugly-1.27.90.pt_BR.llama.ctx-2.ru-vi.po.meta,ctx-2,2 idiomas,"VI,RU",10,28.5508,26.6073,14.7149,216.5284,5.708,19.9316,39.3181,54.7518,19.3865,0,0.0
gst-plugins-ugly-1.27.90.pt_BR.llama.ctx-2.ru-zh_CN.po.meta,ctx-2,2 idiomas,"ZH_CN,RU",10,26.7274,22.6872,12.1398,147.3753,12.8278,20.0314,33.576,50.8133,13.5446,0,0.0
gst-plugins-ugly-1.27.90.pt_BR.llama.ctx-2.vi-zh_CN.po.meta,ctx-2,2 idiomas,"VI,ZH_CN",10,19.9807,19.9993,11.8269,139.876,5.708,9.9463,25.1139,41.1134,15.1676,0,0.0
gstreamer-1.27.90.pt_BR.llama.ctx-0.po.meta,ctx-0,Sem contexto,,377,20.0462,11.0168,24.4136,596.0216,0.0,4.7677,25.9654,100.0,21.1977,69,18.3
gstreamer-1.27.90.pt_BR.llama.ctx-1.de.po.meta,ctx-1,1 idioma,DE,377,19.1582,10.8964,23.6172,557.7732,0.0,4.9324,23.8018,100.0,18.8694,69,18.3
gstreamer-1.27.90.pt_BR.llama.ctx-1.es.po.meta,ctx-1,1 idioma,ES,377,29.3183,16.2334,30.9987,960.9215,0.0,7.2679,42.5028,100.0,35.2349,48,12.73
gstreamer-1.27.90.pt_BR.llama.ctx-1.fr.po.meta,ctx-1,1 idioma,FR,377,28.6215,18.394,29.6792,880.8572,0.0,6.7543,41.1134,100.0,34.359,43,11.41
gstreamer-1.27.90.pt_BR.llama.ctx-1.id.po.meta,ctx-1,1 idioma,ID,377,21.8129,12.8278,24.529,601.6723,0.0,5.5224,27.5161,100.0,21.9937,56,14.85
gstreamer-1.27.90.pt_BR.llama.ctx-1.ru.po.meta,ctx-1,1 idioma,RU,377,23.4861,14.4589,26.4611,700.1923,0.0,5.538,28.9978,100.0,23.4598,58,15.38
gstreamer-1.27.90.pt_BR.llama.ctx-1.vi.po.meta,ctx-1,1 idioma,VI,377,23.1457,12.8278,27.211,740.4374,0.0,5.6698,27.5161,100.0,21.8463,56,14.85
gstreamer-1.27.90.pt_BR.llama.ctx-1.zh_CN.po.meta,ctx-1,1 idioma,ZH_CN,377,22.647,13.1345,26.4737,700.8567,0.0,5.5224,27.5161,100.0,21.9937,61,16.18
gstreamer-1.27.90.pt_BR.llama.ctx-2.de-es.po.meta,ctx-2,2 idiomas,"DE,ES",377,23.688,13.1345,27.1188,735.4266,0.0,5.6698,30.5278,100.0,24.858,61,16.18
gstreamer-1.27.90.pt_BR.llama.ctx-2.de-fr.po.meta,ctx-2,2 idiomas,"DE,FR",377,23.3996,13.1345,26.5181,703.2084,0.0,5.6698,31.149,100.0,25.4792,58,15.38
gstreamer-1.27.90.pt_BR.llama.ctx-2.de-id.po.meta,ctx-2,2 idiomas,"DE,ID",377,21.1082,12.6835,25.1578,632.9131,0.0,4.99,26.0847,100.0,21.0947,66,17.51
gstreamer-1.27.90.pt_BR.llama.ctx-2.de-ru.po.meta,ctx-2,2 idiomas,"DE,RU",377,20.4081,11.7312,24.2375,587.4566,0.0,4.9324,26.9855,100.0,22.0532,68,18.04
gstreamer-1.27.90.pt_BR.llama.ctx-2.de-vi.po.meta,ctx-2,2 idiomas,"DE,VI",377,21.6471,12.2231,25.562,653.4171,0.0,4.99,27.5161,100.0,22.526,64,16.98
gstreamer-1.27.90.pt_BR.llama.ctx-2.de-zh_CN.po.meta,ctx-2,2 idiomas,"DE,ZH_CN",377,20.1564,11.9809,24.2677,588.9195,0.0,4.9324,24.4462,100.0,19.5138,70,18.57
gstreamer-1.27.90.pt_BR.llama.ctx-2.es-fr.po.meta,ctx-2,2 idiomas,"FR,ES",377,29.6992,16.5904,31.1974,973.2769,0.0,7.1418,43.4437,100.0,36.3019,45,11.94
gstreamer-1.27.90.pt_BR.llama.ctx-2.es-id.po.meta,ctx-2,2 idiomas,"ES,ID",377,30.2841,18.9959,30.3776,922.7973,0.0,8.171,44.834,100.0,36.663,41,10.88
gstreamer-1.27.90.pt_BR.llama.ctx-2.es-ru.po.meta,ctx-2,2 idiomas,"RU,ES",377,25.9342,14.9498,29.044,843.5565,0.0,5.8689,35.3553,100.0,29.4864,57,15.12
gstreamer-1.27.90.pt_BR.llama.ctx-2.es-vi.po.meta,ctx-2,2 idiomas,"VI,ES",377,25.2762,16.0539,27.284,744.4163,0.0,6.5673,31.9472,100.0,25.3799,51,13.53
gstreamer-1.27.90.pt_BR.llama.ctx-2.es-zh_CN.po.meta,ctx-2,2 idiomas,"ZH_CN,ES",377,24.7162,15.2072,27.903,778.579,0.0,6.0504,27.9684,100.0,21.918,53,14.06
gstreamer-1.27.90.pt_BR.llama.ctx-2.fr-id.po.meta,ctx-2,2 idiomas,"FR,ID",377,28.157,17.6365,29.1047,847.0835,0.0,6.609,41.1134,100.0,34.5044,46,12.2
gstreamer-1.27.90.pt_BR.llama.ctx-2.fr-ru.po.meta,ctx-2,2 idiomas,"FR,RU",377,28.7029,18.5751,29.9653,897.9202,0.0,6.4295,42.7287,100.0,36.2992,47,12.47
gstreamer-1.27.90.pt_BR.llama.ctx-2.fr-vi.po.meta,ctx-2,2 idiomas,"FR,VI",377,27.0601,16.2334,29.2127,853.3845,0.0,6.4295,38.7539,100.0,32.3244,48,12.73
gstreamer-1.27.90.pt_BR.llama.ctx-2.fr-zh_CN.po.meta,ctx-2,2 idiomas,"ZH_CN,FR",377,25.5274,15.9736,27.9522,781.3228,0.0,6.5673,31.7514,100.0,25.1842,50,13.26
gstreamer-1.27.90.pt_BR.llama.ctx-2.id-ru.po.meta,ctx-2,2 idiomas,"RU,ID",377,24.5399,14.9498,27.297,745.1278,0.0,5.7956,31.9472,100.0,26.1516,56,14.85
gstreamer-1.27.90.pt_BR.llama.ctx-2.id-vi.po.meta,ctx-2,2 idiomas,"VI,ID",377,23.2654,13.1345,27.1453,736.8666,0.0,4.9557,30.2138,100.0,25.258,56,14.85
gstreamer-1.27.90.pt_BR.llama.ctx-2.id-zh_CN.po.meta,ctx-2,2 idiomas,"ZH_CN,ID",377,22.3491,13.3802,25.7204,661.5383,0.0,5.1146,27.5161,100.0,22.4015,62,16.45
gstreamer-1.27.90.pt_BR.llama.ctx-2.ru-vi.po.meta,ctx-2,2 idiomas,"RU,VI",377,24.5419,14.9237,27.8719,776.8437,0.0,5.1146,32.4668,100.0,27.3522,55,14.59
gstreamer-1.27.90.pt_BR.llama.ctx-2.ru-zh_CN.po.meta,ctx-2,2 idiomas,"ZH_CN,RU",377,23.3227,13.1345,27.1823,738.8792,0.0,5.5224,27.5161,100.0,21.9937,57,15.12
gstreamer-1.27.90.pt_BR.llama.ctx-2.vi-zh_CN.po.meta,ctx-2,2 idiomas,"ZH_CN,VI",377,21.8345,13.0651,25.3889,644.5953,0.0,5.6602,27.5161,100.0,21.8558,61,16.18
gtkspell-3.0.7.pt_BR.llama.ctx-0.po.meta,ctx-0,Sem contexto,,7,22.5587,10.5527,25.5655,653.5969,0.0,0.0,46.163,55.0321,46.163,3,42.86
gtkspell-3.0.7.pt_BR.llama.ctx-1.de.po.meta,ctx-1,1 idioma,DE,7,33.2415,39.7635,28.0049,784.2747,0.0,7.9626,54.4821,68.0375,46.5195,2,28.57
gtkspell-3.0.7.pt_BR.llama.ctx-1.es.po.meta,ctx-1,1 idioma,ES,7,42.8577,39.7635,39.8831,1590.658,0.0,7.9626,72.1577,100.0,64.1951,2,28.57
gtkspell-3.0.7.pt_BR.llama.ctx-1.fr.po.meta,ctx-1,1 idioma,FR,7,42.2695,32.4668,40.6037,1648.6613,0.0,7.9626,73.7472,100.0,65.7846,2,28.57
gtkspell-3.0.7.pt_BR.llama.ctx-1.id.po.meta,ctx-1,1 idioma,ID,7,31.0697,27.5161,27.0464,731.5058,0.0,7.9626,56.2838,61.4788,48.3212,2,28.57
gtkspell-3.0.7.pt_BR.llama.ctx-1.ru.po.meta,ctx-1,1 idioma,RU,7,48.12,53.1073,37.802,1428.9912,0.0,21.6809,70.1855,100.0,48.5046,2,28.57
gtkspell-3.0.7.pt_BR.llama.ctx-1.vi.po.meta,ctx-1,1 idioma,VI,7,24.5522,5.5224,30.705,942.797,0.0,2.2284,40.4877,80.9107,38.2592,2,28.57
gtkspell-3.0.7.pt_BR.llama.ctx-1.zh_CN.po.meta,ctx-1,1 idioma,ZH_CN,7,29.5877,27.5161,30.5805,935.1639,0.0,2.9083,46.4354,80.9107,43.5271,2,28.57
gtkspell-3.0.7.pt_BR.llama.ctx-2.de-es.po.meta,ctx-2,2 idiomas,"ES,DE",7,41.8153,32.4668,40.0723,1605.7899,0.0,7.9626,72.1577,100.0,64.1951,2,28.57
gtkspell-3.0.7.pt_BR.llama.ctx-2.de-fr.po.meta,ctx-2,2 idiomas,"FR,DE",7,41.8153,32.4668,40.0723,1605.7899,0.0,7.9626,72.1577,100.0,64.1951,2,28.57
gtkspell-3.0.7.pt_BR.llama.ctx-2.de-id.po.meta,ctx-2,2 idiomas,"ID,DE",7,35.1831,53.1073,28.2698,799.1799,0.0,8.6017,57.2462,61.4788,48.6445,2,28.57
gtkspell-3.0.7.pt_BR.llama.ctx-2.de-ru.po.meta,ctx-2,2 idiomas,"DE,RU",7,34.0524,39.7635,25.8069,665.9942,0.0,14.2347,53.3647,63.4047,39.13,2,28.57
gtkspell-3.0.7.pt_BR.llama.ctx-2.de-vi.po.meta,ctx-2,2 idiomas,"DE,VI",7,25.861,15.9252,28.1805,794.1379,0.0,0.0,50.8487,63.4047,50.8487,3,42.86
gtkspell-3.0.7.pt_BR.llama.ctx-2.de-zh_CN.po.meta,ctx-2,2 idiomas,"ZH_CN,DE",7,30.6519,12.2231,36.6602,1343.9719,0.0,4.7346,46.4354,100.0,41.7008,2,28.57
gtkspell-3.0.7.pt_BR.llama.ctx-2.es-fr.po.meta,ctx-2,2 idiomas,"ES,FR",7,44.5424,32.4668,43.6648,1906.6154,0.0,7.9626,81.7023,100.0,73.7397,2,28.57
gtkspell-3.0.7.pt_BR.llama.ctx-2.es-id.po.meta,ctx-2,2 idiomas,"ID,ES",7,21.6924,17.2034,23.1017,533.6869,0.0,2.0975,35.4941,59.4604,33.3966,2,28.57
gtkspell-3.0.7.pt_BR.llama.ctx-2.es-ru.po.meta,ctx-2,2 idiomas,"ES,RU",7,34.3072,29.0715,36.313,1318.6305,0.0,7.6036,47.9357,100.0,40.3321,2,28.57
gtkspell-3.0.7.pt_BR.llama.ctx-2.es-vi.po.meta,ctx-2,2 idiomas,"ES,VI",7,39.0393,32.4668,37.5033,1406.5007,0.0,7.9626,62.4417,100.0,54.4792,2,28.57
gtkspell-3.0.7.pt_BR.llama.ctx-2.es-zh_CN.po.meta,ctx-2,2 idiomas,"ZH_CN,ES",7,29.0857,10.7293,37.8479,1432.4637,0.0,0.0,46.4354,100.0,46.4354,3,42.86
gtkspell-3.0.7.pt_BR.llama.ctx-2.fr-id.po.meta,ctx-2,2 idiomas,"ID,FR",7,28.6799,27.5161,24.2936,590.1798,0.0,8.6017,48.2897,59.4604,39.688,2,28.57
gtkspell-3.0.7.pt_BR.llama.ctx-2.fr-ru.po.meta,ctx-2,2 idiomas,"FR,RU",7,38.1184,32.4668,36.9353,1364.2177,0.0,7.9626,59.2184,100.0,51.2558,2,28.57
gtkspell-3.0.7.pt_BR.llama.ctx-2.fr-vi.po.meta,ctx-2,2 idiomas,"FR,VI",7,30.2567,15.9252,38.5564,1486.5993,0.0,0.0,47.9357,100.0,47.9357,3,42.86
gtkspell-3.0.7.pt_BR.llama.ctx-2.fr-zh_CN.po.meta,ctx-2,2 idiomas,"ZH_CN,FR",7,24.0505,20.5567,21.9752,482.9089,0.0,6.1115,41.2334,53.1073,35.1219,2,28.57
gtkspell-3.0.7.pt_BR.llama.ctx-2.id-ru.po.meta,ctx-2,2 idiomas,"ID,RU",7,28.7576,27.5161,24.2516,588.141,0.0,8.8737,48.2897,59.4604,39.416,2,28.57
gtkspell-3.0.7.pt_BR.llama.ctx-2.id-vi.po.meta,ctx-2,2 idiomas,"ID,VI",7,28.3429,27.5161,24.0696,579.3444,0.0,8.6017,47.1103,59.4604,38.5086,2,28.57
gtkspell-3.0.7.pt_BR.llama.ctx-2.id-zh_CN.po.meta,ctx-2,2 idiomas,"ID,ZH_CN",7,28.1603,27.5161,24.1728,584.324,0.0,7.9626,47.1103,59.4604,39.1477,2,28.57
gtkspell-3.0.7.pt_BR.llama.ctx-2.ru-vi.po.meta,ctx-2,2 idiomas,"RU,VI",7,43.9716,53.1073,39.9439,1595.5121,0.0,7.1616,70.1855,100.0,63.0239,2,28.57
gtkspell-3.0.7.pt_BR.llama.ctx-2.ru-zh_CN.po.meta,ctx-2,2 idiomas,"ZH_CN,RU",7,29.6,32.4668,26.2169,687.3272,0.0,5.0736,51.5536,61.4788,46.4801,2,28.57
gtkspell-3.0.7.pt_BR.llama.ctx-2.vi-zh_CN.po.meta,ctx-2,2 idiomas,"ZH_CN,VI",7,22.9754,10.1471,23.7009,561.7327,0.0,3.9049,44.8818,53.1073,40.9768,2,28.57
libiconv-1.17-pre1.pt_BR.llama.ctx-0.po.meta,ctx-0,Sem contexto,,44,25.0043,17.6109,24.6256,606.4216,1.4114,9.5637,30.777,100.0,21.2133,0,0.0
libiconv-1.17-pre1.pt_BR.llama.ctx-1.de.po.meta,ctx-1,1 idioma,DE,44,28.0623,20.2342,25.8021,665.75,0.0,12.3489,37.4563,100.0,25.1075,1,2.27
libiconv-1.17-pre1.pt_BR.llama.ctx-1.es.po.meta,ctx-1,1 idioma,ES,44,36.2838,28.7891,25.7225,661.645,2.6712,17.5019,53.7285,100.0,36.2266,0,0.0
libiconv-1.17-pre1.pt_BR.llama.ctx-1.fr.po.meta,ctx-1,1 idioma,FR,44,35.4893,26.4703,27.4121,751.4255,2.2824,17.4673,41.5647,100.0,24.0974,0,0.0
libiconv-1.17-pre1.pt_BR.llama.ctx-1.id.po.meta,ctx-1,1 idioma,ID,44,26.082,18.6781,23.0279,530.2849,0.9037,12.3624,33.489,100.0,21.1266,0,0.0
libiconv-1.17-pre1.pt_BR.llama.ctx-1.ru.po.meta,ctx-1,1 idioma,RU,44,28.6236,20.9605,25.663,658.5873,0.1742,11.1675,38.1012,100.0,26.9337,0,0.0
libiconv-1.17-pre1.pt_BR.llama.ctx-1.vi.po.meta,ctx-1,1 idioma,VI,44,25.6783,17.7128,25.7834,664.7849,0.9638,6.7781,33.489,100.0,26.7109,0,0.0
libiconv-1.17-pre1.pt_BR.llama.ctx-1.zh_CN.po.meta,ctx-1,1 idioma,ZH_CN,44,26.5412,19.05,27.0098,729.5311,1.3225,8.8145,30.9128,100.0,22.0984,0,0.0
libiconv-1.17-pre1.pt_BR.llama.ctx-2.de-es.po.meta,ctx-2,2 idiomas,"ES,DE",44,34.6231,23.1811,25.333,641.7594,4.1859,17.2419,49.3296,100.0,32.0877,0,0.0
libiconv-1.17-pre1.pt_BR.llama.ctx-2.de-fr.po.meta,ctx-2,2 idiomas,"FR,DE",44,35.5333,23.9826,28.489,811.6239,3.0397,13.4151,46.3399,100.0,32.9248,0,0.0
libiconv-1.17-pre1.pt_BR.llama.ctx-2.de-id.po.meta,ctx-2,2 idiomas,"ID,DE",44,29.2376,20.7626,23.5463,554.429,4.4569,12.5833,39.7351,100.0,27.1519,0,0.0
libiconv-1.17-pre1.pt_BR.llama.ctx-2.de-ru.po.meta,ctx-2,2 idiomas,"RU,DE",44,28.6776,18.6231,28.4615,810.0569,1.7036,8.9872,37.8828,100.0,28.8956,0,0.0
libiconv-1.17-pre1.pt_BR.llama.ctx-2.de-vi.po.meta,ctx-2,2 idiomas,"VI,DE",44,28.0292,17.8469,28.2552,798.3576,1.4446,9.9085,28.5352,100.0,18.6267,0,0.0
libiconv-1.17-pre1.pt_BR.llama.ctx-2.de-zh_CN.po.meta,ctx-2,2 idiomas,"ZH_CN,DE",44,29.2897,19.0875,28.0161,784.9041,4.1859,11.8066,33.8964,100.0,22.0898,0,0.0
libiconv-1.17-pre1.pt_BR.llama.ctx-2.es-fr.po.meta,ctx-2,2 idiomas,"FR,ES",44,37.5805,26.4514,28.8945,834.8931,5.6042,15.901,55.3323,100.0,39.4314,0,0.0
libiconv-1.17-pre1.pt_BR.llama.ctx-2.es-id.po.meta,ctx-2,2 idiomas,"ES,ID",44,35.6886,25.1439,27.0776,733.1941,6.4231,16.3894,53.7285,100.0,37.3391,0,0.0
libiconv-1.17-pre1.pt_BR.llama.ctx-2.es-ru.po.meta,ctx-2,2 idiomas,"RU,ES",44,34.394,23.6435,27.3262,746.7232,1.7561,15.7176,42.9514,100.0,27.2338,0,0.0
libiconv-1.17-pre1.pt_BR.llama.ctx-2.es-vi.po.meta,ctx-2,2 idiomas,"VI,ES",44,33.2355,23.401,28.5664,816.0404,0.9796,12.8316,49.1262,100.0,36.2947,0,0.0
libiconv-1.17-pre1.pt_BR.llama.ctx-2.es-zh_CN.po.meta,ctx-2,2 idiomas,"ZH_CN,ES",44,35.888,25.6834,27.9749,782.5965,2.813,16.1243,53.7285,100.0,37.6042,0,0.0
libiconv-1.17-pre1.pt_BR.llama.ctx-2.fr-id.po.meta,ctx-2,2 idiomas,"FR,ID",44,35.6158,23.9826,27.5615,759.639,5.6042,15.5604,42.4956,100.0,26.9352,0,0.0
libiconv-1.17-pre1.pt_BR.llama.ctx-2.fr-ru.po.meta,ctx-2,2 idiomas,"RU,FR",44,32.6949,23.6435,26.673,711.4493,1.7561,14.973,44.8747,100.0,29.9016,0,0.0
libiconv-1.17-pre1.pt_BR.llama.ctx-2.fr-vi.po.meta,ctx-2,2 idiomas,"FR,VI",44,33.9247,24.7461,28.2878,800.1981,3.9172,12.8316,40.0993,100.0,27.2677,0,0.0
libiconv-1.17-pre1.pt_BR.llama.ctx-2.fr-zh_CN.po.meta,ctx-2,2 idiomas,"ZH_CN,FR",44,34.4412,25.3626,28.5922,817.516,5.6042,12.4543,42.4994,100.0,30.0452,0,0.0
libiconv-1.17-pre1.pt_BR.llama.ctx-2.id-ru.po.meta,ctx-2,2 idiomas,"RU,ID",44,30.873,18.6231,27.886,777.63,0.9625,11.2085,40.6208,100.0,29.4124,0,0.0
libiconv-1.17-pre1.pt_BR.llama.ctx-2.id-vi.po.meta,ctx-2,2 idiomas,"VI,ID",44,27.676,18.9409,25.0411,627.059,1.2945,12.7033,31.8185,100.0,19.1152,0,0.0
libiconv-1.17-pre1.pt_BR.llama.ctx-2.id-zh_CN.po.meta,ctx-2,2 idiomas,"ZH_CN,ID",44,30.7508,22.7232,27.0689,732.7274,1.0747,11.2109,39.7908,100.0,28.5799,0,0.0
libiconv-1.17-pre1.pt_BR.llama.ctx-2.ru-vi.po.meta,ctx-2,2 idiomas,"RU,VI",44,29.8648,18.6781,28.7283,825.3147,0.9638,12.0999,39.1967,100.0,27.0968,0,0.0
libiconv-1.17-pre1.pt_BR.llama.ctx-2.ru-zh_CN.po.meta,ctx-2,2 idiomas,"ZH_CN,RU",44,30.9455,20.8522,28.0037,784.2084,0.9638,10.6782,39.1549,100.0,28.4767,0,0.0
libiconv-1.17-pre1.pt_BR.llama.ctx-2.vi-zh_CN.po.meta,ctx-2,2 idiomas,"ZH_CN,VI",44,29.7793,21.727,28.2381,797.3922,0.4977,9.4166,37.7249,100.0,28.3084,0,0.0
man-db-2.13.1-pre1.pt_BR.llama.ctx-0.po.meta,ctx-0,Sem contexto,,190,27.8991,19.5465,25.8866,670.1142,0.0,8.503,38.5381,100.0,30.0351,23,12.11
man-db-2.13.1-pre1.pt_BR.llama.ctx-1.de.po.meta,ctx-1,1 idioma,DE,190,29.2307,20.148,26.127,682.6185,0.0,9.9974,42.9048,100.0,32.9074,22,11.58
man-db-2.13.1-pre1.pt_BR.llama.ctx-1.es.po.meta,ctx-1,1 idioma,ES,190,33.5833,26.3936,28.3381,803.0482,0.0,11.8988,51.6973,100.0,39.7985,20,10.53
man-db-2.13.1-pre1.pt_BR.llama.ctx-1.fr.po.meta,ctx-1,1 idioma,FR,190,30.0617,19.6404,27.4222,751.9785,0.0,11.0448,43.0096,100.0,31.9648,20,10.53
man-db-2.13.1-pre1.pt_BR.llama.ctx-1.id.po.meta,ctx-1,1 idioma,ID,190,30.7633,22.9899,26.5151,703.0486,0.0,10.6822,46.1934,100.0,35.5113,17,8.95
man-db-2.13.1-pre1.pt_BR.llama.ctx-1.ru.po.meta,ctx-1,1 idioma,RU,190,34.1662,28.5557,27.476,754.9311,0.0,12.5508,45.0935,100.0,32.5427,18,9.47
man-db-2.13.1-pre1.pt_BR.llama.ctx-1.vi.po.meta,ctx-1,1 idioma,VI,190,25.8831,17.4679,24.0321,577.5438,0.0,8.07,36.4542,100.0,28.3841,19,10.0
man-db-2.13.1-pre1.pt_BR.llama.ctx-1.zh_CN.po.meta,ctx-1,1 idioma,ZH_CN,190,28.7725,20.6181,25.7523,663.1808,0.0,9.747,41.1134,100.0,31.3664,21,11.05
man-db-2.13.1-pre1.pt_BR.llama.ctx-2.de-es.po.meta,ctx-2,2 idiomas,"DE,ES",190,32.6966,22.2029,28.8104,830.0388,0.0,11.4718,48.1961,100.0,36.7243,17,8.95
man-db-2.13.1-pre1.pt_BR.llama.ctx-2.de-fr.po.meta,ctx-2,2 idiomas,"FR,DE",190,29.5817,20.7565,26.533,704.0025,0.0,10.2074,41.1134,100.0,30.9059,22,11.58
man-db-2.13.1-pre1.pt_BR.llama.ctx-2.de-id.po.meta,ctx-2,2 idiomas,"DE,ID",190,30.4402,20.7287,27.0172,729.9288,0.0,11.2412,44.7604,100.0,33.5191,21,11.05
man-db-2.13.1-pre1.pt_BR.llama.ctx-2.de-ru.po.meta,ctx-2,2 idiomas,"RU,DE",190,35.9528,30.3618,29.032,842.8582,0.0,13.9041,51.4529,100.0,37.5487,19,10.0
man-db-2.13.1-pre1.pt_BR.llama.ctx-2.de-vi.po.meta,ctx-2,2 idiomas,"VI,DE",190,29.6278,19.6955,27.5673,759.9553,0.0,8.3026,43.6193,100.0,35.3166,23,12.11
man-db-2.13.1-pre1.pt_BR.llama.ctx-2.de-zh_CN.po.meta,ctx-2,2 idiomas,"ZH_CN,DE",190,30.1088,23.4096,26.5344,704.0752,0.0,10.6822,42.9606,100.0,32.2784,21,11.05
man-db-2.13.1-pre1.pt_BR.llama.ctx-2.es-fr.po.meta,ctx-2,2 idiomas,"FR,ES",190,31.2656,22.4356,28.1533,792.6093,0.0,10.0895,42.7918,100.0,32.7023,18,9.47
man-db-2.13.1-pre1.pt_BR.llama.ctx-2.es-id.po.meta,ctx-2,2 idiomas,"ES,ID",190,35.5264,26.7407,29.4862,869.436,0.0,13.1345,53.7285,100.0,40.5939,16,8.42
man-db-2.13.1-pre1.pt_BR.llama.ctx-2.es-ru.po.meta,ctx-2,2 idiomas,"RU,ES",190,36.8551,30.1786,30.2964,917.8717,0.0,14.5358,50.0,100.0,35.4642,17,8.95
man-db-2.13.1-pre1.pt_BR.llama.ctx-2.es-vi.po.meta,ctx-2,2 idiomas,"VI,ES",190,30.0576,21.3996,26.8436,720.5779,0.0,10.5897,39.6778,100.0,29.0881,17,8.95
man-db-2.13.1-pre1.pt_BR.llama.ctx-2.es-zh_CN.po.meta,ctx-2,2 idiomas,"ZH_CN,ES",190,31.8176,20.7287,28.2709,799.2456,0.0,10.585,47.4544,100.0,36.8694,15,7.89
man-db-2.13.1-pre1.pt_BR.llama.ctx-2.fr-id.po.meta,ctx-2,2 idiomas,"FR,ID",190,28.3356,19.6784,25.7246,661.7547,0.0,10.0171,39.2218,100.0,29.2047,23,12.11
man-db-2.13.1-pre1.pt_BR.llama.ctx-2.fr-ru.po.meta,ctx-2,2 idiomas,"FR,RU",190,31.178,22.5992,27.9788,782.8128,0.0,11.0448,42.6432,100.0,31.5984,22,11.58
man-db-2.13.1-pre1.pt_BR.llama.ctx-2.fr-vi.po.meta,ctx-2,2 idiomas,"FR,VI",190,29.6289,20.9852,26.6703,711.3074,0.0,11.0448,42.4153,100.0,31.3705,20,10.53
man-db-2.13.1-pre1.pt_BR.llama.ctx-2.fr-zh_CN.po.meta,ctx-2,2 idiomas,"FR,ZH_CN",190,31.5974,21.5153,28.0032,784.1805,0.0,11.2529,44.7539,100.0,33.501,20,10.53
man-db-2.13.1-pre1.pt_BR.llama.ctx-2.id-ru.po.meta,ctx-2,2 idiomas,"RU,ID",190,35.5648,30.8048,28.3494,803.6862,0.0,14.0097,51.6973,100.0,37.6876,20,10.53
man-db-2.13.1-pre1.pt_BR.llama.ctx-2.id-vi.po.meta,ctx-2,2 idiomas,"VI,ID",190,27.9002,18.634,26.5339,704.0498,0.0,8.144,38.2603,100.0,30.1163,18,9.47
man-db-2.13.1-pre1.pt_BR.llama.ctx-2.id-zh_CN.po.meta,ctx-2,2 idiomas,"ZH_CN,ID",190,30.5657,20.148,27.3709,749.166,0.0,10.0942,46.1127,100.0,36.0185,17,8.95
man-db-2.13.1-pre1.pt_BR.llama.ctx-2.ru-vi.po.meta,ctx-2,2 idiomas,"RU,VI",190,34.5293,28.4695,28.2872,800.1633,0.0,13.7934,46.4886,100.0,32.6951,19,10.0
man-db-2.13.1-pre1.pt_BR.llama.ctx-2.ru-zh_CN.po.meta,ctx-2,2 idiomas,"RU,ZH_CN",190,34.1266,28.4695,28.2319,797.0423,0.0,12.2564,43.4721,100.0,31.2157,19,10.0
man-db-2.13.1-pre1.pt_BR.llama.ctx-2.vi-zh_CN.po.meta,ctx-2,2 idiomas,"VI,ZH_CN",190,29.4056,19.0708,27.5053,756.5417,0.0,9.3419,42.0753,100.0,32.7334,19,10.0
nano-8.4-pre1.pt_BR.llama.ctx-0.po.meta,ctx-0,Sem contexto,,614,27.1497,18.9959,28.7797,828.2715,0.0,6.5673,37.8744,100.0,31.3071,126,20.52
nano-8.4-pre1.pt_BR.llama.ctx-1.de.po.meta,ctx-1,1 idioma,DE,614,29.1499,19.6784,29.8577,891.4821,0.0,6.5673,42.7287,100.0,36.1614,124,20.2
nano-8.4-pre1.pt_BR.llama.ctx-1.es.po.meta,ctx-1,1 idioma,ES,614,30.6133,19.9528,30.9359,957.0305,0.0,7.8098,42.7287,100.0,34.9189,113,18.4
nano-8.4-pre1.pt_BR.llama.ctx-1.fr.po.meta,ctx-1,1 idioma,FR,614,29.9569,22.0896,29.295,858.1949,0.0,6.8706,42.7287,100.0,35.8581,116,18.89
nano-8.4-pre1.pt_BR.llama.ctx-1.id.po.meta,ctx-1,1 idioma,ID,614,26.1472,16.6455,28.5917,817.4831,0.0,4.9468,37.5029,100.0,32.5561,138,22.48
nano-8.4-pre1.pt_BR.llama.ctx-1.ru.po.meta,ctx-1,1 idioma,RU,614,26.5959,18.9959,28.1667,793.3637,0.0,5.0144,37.8744,100.0,32.8599,136,22.15
nano-8.4-pre1.pt_BR.llama.ctx-1.vi.po.meta,ctx-1,1 idioma,VI,614,24.7677,17.1117,26.5788,706.4323,0.0,4.7677,35.3553,100.0,30.5876,142,23.13
nano-8.4-pre1.pt_BR.llama.ctx-1.zh_CN.po.meta,ctx-1,1 idioma,ZH_CN,614,26.9188,17.9652,29.0001,841.0038,0.0,4.7892,38.9809,100.0,34.1917,138,22.48
nano-8.4-pre1.pt_BR.llama.ctx-2.de-es.po.meta,ctx-2,2 idiomas,"DE,ES",614,29.8266,19.6407,30.294,917.7291,0.0,6.5673,42.7287,100.0,36.1614,124,20.2
nano-8.4-pre1.pt_BR.llama.ctx-2.de-fr.po.meta,ctx-2,2 idiomas,"DE,FR",614,29.1873,20.5023,29.102,846.9247,0.0,6.5673,42.7287,100.0,36.1614,124,20.2
nano-8.4-pre1.pt_BR.llama.ctx-2.de-id.po.meta,ctx-2,2 idiomas,"DE,ID",614,29.3081,19.6955,29.6968,881.9024,0.0,6.5673,42.8345,100.0,36.2673,122,19.87
nano-8.4-pre1.pt_BR.llama.ctx-2.de-ru.po.meta,ctx-2,2 idiomas,"RU,DE",614,28.2224,19.6027,28.7932,829.0501,0.0,6.5673,41.3376,100.0,34.7704,122,19.87
nano-8.4-pre1.pt_BR.llama.ctx-2.de-vi.po.meta,ctx-2,2 idiomas,"DE,VI",614,28.7385,19.1067,29.8845,893.0859,0.0,6.0189,42.7287,100.0,36.7098,131,21.34
nano-8.4-pre1.pt_BR.llama.ctx-2.de-zh_CN.po.meta,ctx-2,2 idiomas,"DE,ZH_CN",614,28.5879,18.9959,29.6467,878.9293,0.0,6.5673,42.2878,100.0,35.7206,119,19.38
nano-8.4-pre1.pt_BR.llama.ctx-2.es-fr.po.meta,ctx-2,2 idiomas,"FR,ES",614,30.5207,20.1649,30.777,947.2226,0.0,6.5673,43.4721,100.0,36.9048,120,19.54
nano-8.4-pre1.pt_BR.llama.ctx-2.es-id.po.meta,ctx-2,2 idiomas,"ES,ID",614,30.7935,21.4042,30.4876,929.4915,0.0,7.844,42.7287,100.0,34.8847,114,18.57
nano-8.4-pre1.pt_BR.llama.ctx-2.es-ru.po.meta,ctx-2,2 idiomas,"RU,ES",614,27.4617,18.8971,28.5294,813.9279,0.0,5.6698,42.2649,100.0,36.5951,130,21.17
nano-8.4-pre1.pt_BR.llama.ctx-2.es-vi.po.meta,ctx-2,2 idiomas,"VI,ES",614,26.6002,17.9652,28.3318,802.6921,0.0,4.3907,38.9795,100.0,34.5888,142,23.13
nano-8.4-pre1.pt_BR.llama.ctx-2.es-zh_CN.po.meta,ctx-2,2 idiomas,"ZH_CN,ES",614,28.2036,18.8971,29.1705,850.9177,0.0,6.5673,41.1134,100.0,34.5461,125,20.36
nano-8.4-pre1.pt_BR.llama.ctx-2.fr-id.po.meta,ctx-2,2 idiomas,"FR,ID",614,29.2486,20.5567,29.2484,855.4714,0.0,6.5673,42.7287,100.0,36.1614,124,20.2
nano-8.4-pre1.pt_BR.llama.ctx-2.fr-vi.po.meta,ctx-2,2 idiomas,"VI,FR",614,25.4592,16.8267,27.51,756.7989,0.0,3.2808,36.8598,100.0,33.5789,148,24.1
nano-8.4-pre1.pt_BR.llama.ctx-2.fr-zh_CN.po.meta,ctx-2,2 idiomas,"ZH_CN,FR",614,27.554,18.9959,29.0914,846.3101,0.0,4.9261,41.1134,100.0,36.1873,137,22.31
nano-8.4-pre1.pt_BR.llama.ctx-2.id-ru.po.meta,ctx-2,2 idiomas,"RU,ID",614,27.2909,19.6407,28.2974,800.74,0.0,5.1231,41.6293,100.0,36.5062,137,22.31
nano-8.4-pre1.pt_BR.llama.ctx-2.id-vi.po.meta,ctx-2,2 idiomas,"VI,ID",614,24.2127,15.6197,27.357,748.4064,0.0,0.0145,35.3553,100.0,35.3409,153,24.92
nano-8.4-pre1.pt_BR.llama.ctx-2.id-zh_CN.po.meta,ctx-2,2 idiomas,"ZH_CN,ID",614,26.3975,18.9959,27.7448,769.7734,0.0,4.99,38.8234,100.0,33.8333,132,21.5
nano-8.4-pre1.pt_BR.llama.ctx-2.ru-vi.po.meta,ctx-2,2 idiomas,"RU,VI",614,26.4296,18.8971,28.0971,789.4471,0.0,5.3557,38.8462,100.0,33.4905,132,21.5
nano-8.4-pre1.pt_BR.llama.ctx-2.ru-zh_CN.po.meta,ctx-2,2 idiomas,"RU,ZH_CN",614,27.2763,18.9959,28.2936,800.5254,0.0,5.5592,40.8029,100.0,35.2436,129,21.01
nano-8.4-pre1.pt_BR.llama.ctx-2.vi-zh_CN.po.meta,ctx-2,2 idiomas,"ZH_CN,VI",614,25.5336,17.6195,27.6577,764.9484,0.0,4.9261,37.5879,100.0,32.6619,140,22.8
parted-3.4.64.2.pt_BR.llama.ctx-0.po.meta,ctx-0,Sem contexto,,542,39.7716,33.5254,29.7651,885.9621,0.0,16.6394,56.3297,100.0,39.6903,48,8.86
parted-3.4.64.2.pt_BR.llama.ctx-1.de.po.meta,ctx-1,1 idioma,DE,542,39.9679,34.5311,29.8241,889.4768,0.0,16.7481,54.8705,100.0,38.1224,46,8.49
parted-3.4.64.2.pt_BR.llama.ctx-1.es.po.meta,ctx-1,1 idioma,ES,542,40.4964,35.224,29.8544,891.2867,0.0,16.7851,57.0576,100.0,40.2726,48,8.86
parted-3.4.64.2.pt_BR.llama.ctx-1.fr.po.meta,ctx-1,1 idioma,FR,542,39.7226,33.0463,29.732,883.9894,0.0,16.1357,54.7173,100.0,38.5816,44,8.12
parted-3.4.64.2.pt_BR.llama.ctx-1.id.po.meta,ctx-1,1 idioma,ID,542,39.366,32.8174,29.9284,895.7107,0.0,15.9736,55.0814,100.0,39.1078,48,8.86
parted-3.4.64.2.pt_BR.llama.ctx-1.ru.po.meta,ctx-1,1 idioma,RU,542,41.35,34.6681,31.2516,976.665,0.0,16.8242,57.8083,100.0,40.9841,44,8.12
parted-3.4.64.2.pt_BR.llama.ctx-1.vi.po.meta,ctx-1,1 idioma,VI,542,37.8391,31.1298,30.1594,909.5892,0.0,14.5358,53.9198,100.0,39.384,55,10.15
parted-3.4.64.2.pt_BR.llama.ctx-1.zh_CN.po.meta,ctx-1,1 idioma,ZH_CN,542,39.7158,34.4025,30.1577,909.4844,0.0,16.2954,55.0321,100.0,38.7367,53,9.78
parted-3.4.64.2.pt_BR.llama.ctx-2.de-es.po.meta,ctx-2,2 idiomas,"ES,DE",542,41.9524,36.0949,30.3166,919.0944,0.0,17.9652,59.6949,100.0,41.7297,46,8.49
parted-3.4.64.2.pt_BR.llama.ctx-2.de-fr.po.meta,ctx-2,2 idiomas,"FR,DE",542,40.3004,33.6923,29.7392,884.4184,0.0,17.9652,54.9853,100.0,37.0201,43,7.93
parted-3.4.64.2.pt_BR.llama.ctx-2.de-id.po.meta,ctx-2,2 idiomas,"DE,ID",542,42.0081,35.2931,30.3314,919.9942,0.0,18.9408,56.9691,100.0,38.0283,41,7.56
parted-3.4.64.2.pt_BR.llama.ctx-2.de-ru.po.meta,ctx-2,2 idiomas,"RU,DE",542,41.2246,34.4432,30.9481,957.7832,0.0,17.0182,57.6419,100.0,40.6237,46,8.49
parted-3.4.64.2.pt_BR.llama.ctx-2.de-vi.po.meta,ctx-2,2 idiomas,"DE,VI",542,40.7192,34.5283,30.6901,941.8806,0.0,15.9736,55.4516,100.0,39.4781,46,8.49
parted-3.4.64.2.pt_BR.llama.ctx-2.de-zh_CN.po.meta,ctx-2,2 idiomas,"ZH_CN,DE",542,41.5527,36.1593,30.8435,951.3191,0.0,17.985,57.893,100.0,39.908,51,9.41
parted-3.4.64.2.pt_BR.llama.ctx-2.es-fr.po.meta,ctx-2,2 idiomas,"ES,FR",542,40.7701,35.4948,29.7192,883.2331,0.0,17.9652,56.9691,100.0,39.0039,46,8.49
parted-3.4.64.2.pt_BR.llama.ctx-2.es-id.po.meta,ctx-2,2 idiomas,"ES,ID",542,42.2405,35.3842,31.0263,962.6291,0.0,18.776,62.3851,100.0,43.6091,48,8.86
parted-3.4.64.2.pt_BR.llama.ctx-2.es-ru.po.meta,ctx-2,2 idiomas,"ES,RU",542,42.9176,36.638,30.8765,953.3612,0.0,18.9959,63.029,100.0,44.0331,45,8.3
parted-3.4.64.2.pt_BR.llama.ctx-2.es-vi.po.meta,ctx-2,2 idiomas,"ES,VI",542,40.485,34.5949,30.3937,923.7793,0.0,16.0074,58.6961,100.0,42.6887,50,9.23
parted-3.4.64.2.pt_BR.llama.ctx-2.es-zh_CN.po.meta,ctx-2,2 idiomas,"ES,ZH_CN",542,41.286,35.4251,30.3065,918.4825,0.0,18.4459,58.6961,100.0,40.2502,50,9.23
parted-3.4.64.2.pt_BR.llama.ctx-2.fr-id.po.meta,ctx-2,2 idiomas,"FR,ID",542,40.7772,32.4675,30.4757,928.7662,0.0,17.985,55.5931,100.0,37.6081,43,7.93
parted-3.4.64.2.pt_BR.llama.ctx-2.fr-ru.po.meta,ctx-2,2 idiomas,"RU,FR",542,41.9304,35.2701,31.0285,962.7654,0.0,17.5426,58.7728,100.0,41.2302,44,8.12
parted-3.4.64.2.pt_BR.llama.ctx-2.fr-vi.po.meta,ctx-2,2 idiomas,"FR,VI",542,39.721,32.6356,30.2586,915.5812,0.0,16.109,55.247,100.0,39.138,48,8.86
parted-3.4.64.2.pt_BR.llama.ctx-2.fr-zh_CN.po.meta,ctx-2,2 idiomas,"ZH_CN,FR",542,41.7362,35.6839,31.0355,963.2015,0.0,17.2422,59.6949,100.0,42.4527,48,8.86
parted-3.4.64.2.pt_BR.llama.ctx-2.id-ru.po.meta,ctx-2,2 idiomas,"RU,ID",542,41.4829,35.0844,30.7927,948.1888,0.0,18.2454,57.7486,100.0,39.5033,46,8.49
parted-3.4.64.2.pt_BR.llama.ctx-2.id-vi.po.meta,ctx-2,2 idiomas,"ID,VI",542,39.974,33.0209,30.6091,936.915,0.0,15.9736,55.0979,100.0,39.1243,49,9.04
parted-3.4.64.2.pt_BR.llama.ctx-2.id-zh_CN.po.meta,ctx-2,2 idiomas,"ZH_CN,ID",542,40.9149,34.6681,31.2629,977.3676,0.0,16.5562,56.3261,100.0,39.7699,51,9.41
parted-3.4.64.2.pt_BR.llama.ctx-2.ru-vi.po.meta,ctx-2,2 idiomas,"RU,VI",542,42.329,35.3842,31.1039,967.452,0.0,17.985,59.4028,100.0,41.4178,45,8.3
parted-3.4.64.2.pt_BR.llama.ctx-2.ru-zh_CN.po.meta,ctx-2,2 idiomas,"RU,ZH_CN",542,41.966,35.3842,30.7937,948.2492,0.0,18.5192,59.1289,100.0,40.6097,45,8.3
parted-3.4.64.2.pt_BR.llama.ctx-2.vi-zh_CN.po.meta,ctx-2,2 idiomas,"ZH_CN,VI",542,41.0371,34.1024,31.098,967.0855,0.0,17.0237,58.6252,100.0,41.6015,48,8.86
psmisc-23.7-rc1.pt_BR.llama.ctx-0.po.meta,ctx-0,Sem contexto,,94,21.3206,15.174,23.1408,535.4946,0.0,4.5311,31.2407,100.0,26.7096,10,10.64
psmisc-23.7-rc1.pt_BR.llama.ctx-1.de.po.meta,ctx-1,1 idioma,DE,94,30.6286,19.9472,28.9556,838.429,0.0,10.8059,43.4615,100.0,32.6555,5,5.32
psmisc-23.7-rc1.pt_BR.llama.ctx-1.es.po.meta,ctx-1,1 idioma,ES,94,40.8666,35.021,31.2419,976.0594,0.0,15.0709,60.3836,100.0,45.3127,4,4.26
psmisc-23.7-rc1.pt_BR.llama.ctx-1.fr.po.meta,ctx-1,1 idioma,FR,94,39.548,30.8408,32.3824,1048.6174,0.0,13.9508,60.355,100.0,46.4042,5,5.32
psmisc-23.7-rc1.pt_BR.llama.ctx-1.id.po.meta,ctx-1,1 idioma,ID,94,30.9301,20.5306,29.6027,876.3221,0.0,8.316,44.0194,100.0,35.7035,8,8.51
psmisc-23.7-rc1.pt_BR.llama.ctx-1.ru.po.meta,ctx-1,1 idioma,RU,94,35.3418,24.9493,29.8753,892.5324,0.0,13.0478,52.004,100.0,38.9562,4,4.26
psmisc-23.7-rc1.pt_BR.llama.ctx-1.vi.po.meta,ctx-1,1 idioma,VI,94,26.5609,19.3183,24.8976,619.8905,0.0,9.1344,35.9838,100.0,26.8495,7,7.45
psmisc-23.7-rc1.pt_BR.llama.ctx-1.zh_CN.po.meta,ctx-1,1 idioma,ZH_CN,94,35.7525,23.628,30.9489,957.8323,0.0,10.627,53.4466,100.0,42.8196,5,5.32
psmisc-23.7-rc1.pt_BR.llama.ctx-2.de-es.po.meta,ctx-2,2 idiomas,"DE,ES",94,36.1722,28.1475,30.9457,957.6374,0.0,11.8408,52.2376,100.0,40.3968,4,4.26
psmisc-23.7-rc1.pt_BR.llama.ctx-2.de-fr.po.meta,ctx-2,2 idiomas,"FR,DE",94,37.7512,27.6295,34.1303,1164.8759,0.0,10.3888,59.6758,100.0,49.2871,7,7.45
psmisc-23.7-rc1.pt_BR.llama.ctx-2.de-id.po.meta,ctx-2,2 idiomas,"DE,ID",94,31.5026,21.9782,28.7164,824.6298,0.0,10.5544,45.6251,100.0,35.0707,5,5.32
psmisc-23.7-rc1.pt_BR.llama.ctx-2.de-ru.po.meta,ctx-2,2 idiomas,"DE,RU",94,35.3985,24.9401,31.0526,964.2638,0.0,10.7658,54.3479,100.0,43.582,3,3.19
psmisc-23.7-rc1.pt_BR.llama.ctx-2.de-vi.po.meta,ctx-2,2 idiomas,"VI,DE",94,28.5845,19.9085,26.9123,724.2703,0.0,9.9902,38.5251,100.0,28.5349,6,6.38
psmisc-23.7-rc1.pt_BR.llama.ctx-2.de-zh_CN.po.meta,ctx-2,2 idiomas,"ZH_CN,DE",94,36.4035,23.2187,32.21,1037.482,0.0,9.8544,57.4185,100.0,47.5641,5,5.32
psmisc-23.7-rc1.pt_BR.llama.ctx-2.es-fr.po.meta,ctx-2,2 idiomas,"FR,ES",94,40.5443,31.2379,32.6037,1063.0002,0.0,12.0982,66.2468,100.0,54.1486,6,6.38
psmisc-23.7-rc1.pt_BR.llama.ctx-2.es-id.po.meta,ctx-2,2 idiomas,"ES,ID",94,39.3309,30.8798,31.776,1009.715,0.0,15.0709,58.5271,100.0,43.4562,4,4.26
psmisc-23.7-rc1.pt_BR.llama.ctx-2.es-ru.po.meta,ctx-2,2 idiomas,"ES,RU",94,39.4522,30.8798,32.5431,1059.0515,0.0,12.2662,63.3211,100.0,51.055,5,5.32
psmisc-23.7-rc1.pt_BR.llama.ctx-2.es-vi.po.meta,ctx-2,2 idiomas,"VI,ES",94,33.6583,21.0798,29.9362,896.177,0.0,10.186,49.5817,100.0,39.3958,6,6.38
psmisc-23.7-rc1.pt_BR.llama.ctx-2.es-zh_CN.po.meta,ctx-2,2 idiomas,"ZH_CN,ES",94,38.1698,26.364,32.8143,1076.779,0.0,9.4976,58.1298,100.0,48.6321,4,4.26
psmisc-23.7-rc1.pt_BR.llama.ctx-2.fr-id.po.meta,ctx-2,2 idiomas,"FR,ID",94,38.3969,31.8615,32.0919,1029.8876,0.0,11.0935,59.8428,100.0,48.7494,7,7.45
psmisc-23.7-rc1.pt_BR.llama.ctx-2.fr-ru.po.meta,ctx-2,2 idiomas,"FR,RU",94,39.8795,33.324,33.2034,1102.4671,0.0,9.9865,61.923,100.0,51.9365,5,5.32
psmisc-23.7-rc1.pt_BR.llama.ctx-2.fr-vi.po.meta,ctx-2,2 idiomas,"VI,FR",94,33.1193,22.7644,28.4323,808.3985,0.0,10.9972,49.8287,100.0,38.8315,7,7.45
psmisc-23.7-rc1.pt_BR.llama.ctx-2.fr-zh_CN.po.meta,ctx-2,2 idiomas,"FR,ZH_CN",94,39.2789,32.3031,32.6324,1064.871,0.0,12.4632,59.9226,100.0,47.4594,7,7.45
psmisc-23.7-rc1.pt_BR.llama.ctx-2.id-ru.po.meta,ctx-2,2 idiomas,"RU,ID",94,36.6421,28.7209,32.0821,1029.2636,0.0,9.9564,51.9507,100.0,41.9943,3,3.19
psmisc-23.7-rc1.pt_BR.llama.ctx-2.id-vi.po.meta,ctx-2,2 idiomas,"VI,ID",94,28.3821,19.3558,26.9599,726.8355,0.0,9.7703,36.0618,100.0,26.2915,5,5.32
psmisc-23.7-rc1.pt_BR.llama.ctx-2.id-zh_CN.po.meta,ctx-2,2 idiomas,"ZH_CN,ID",94,35.2593,23.8053,31.7755,1009.6831,0.0,9.8933,49.6107,100.0,39.7174,4,4.26
psmisc-23.7-rc1.pt_BR.llama.ctx-2.ru-vi.po.meta,ctx-2,2 idiomas,"VI,RU",94,30.1519,21.4904,26.4351,698.8155,0.0,8.6633,43.7302,100.0,35.0669,4,4.26
psmisc-23.7-rc1.pt_BR.llama.ctx-2.ru-zh_CN.po.meta,ctx-2,2 idiomas,"ZH_CN,RU",94,36.9451,25.7607,32.5366,1058.6292,0.0,9.5309,58.6186,100.0,49.0878,5,5.32
psmisc-23.7-rc1.pt_BR.llama.ctx-2.vi-zh_CN.po.meta,ctx-2,2 idiomas,"VI,ZH_CN",94,28.6581,19.3612,26.6587,710.6871,0.0,8.0163,40.7144,100.0,32.6981,7,7.45
sed-4.8.44.pt_BR.llama.ctx-0.po.meta,ctx-0,Sem contexto,,140,37.7294,25.5748,33.7146,1136.6719,0.0,7.162,61.5755,100.0,54.4135,10,7.14
sed-4.8.44.pt_BR.llama.ctx-1.de.po.meta,ctx-1,1 idioma,DE,140,39.9927,30.2138,35.3885,1252.3458,0.0,8.3421,66.266,100.0,57.9239,12,8.57
sed-4.8.44.pt_BR.llama.ctx-1.es.po.meta,ctx-1,1 idioma,ES,140,41.1173,30.3058,32.944,1085.3044,0.0,12.2604,63.8371,100.0,51.5767,8,5.71
sed-4.8.44.pt_BR.llama.ctx-1.fr.po.meta,ctx-1,1 idioma,FR,140,40.4876,32.0133,34.7409,1206.9306,0.0,10.5555,65.5702,100.0,55.0148,11,7.86
sed-4.8.44.pt_BR.llama.ctx-1.id.po.meta,ctx-1,1 idioma,ID,140,38.5108,28.7078,34.0927,1162.3125,0.0,9.1521,60.9283,100.0,51.7762,10,7.14
sed-4.8.44.pt_BR.llama.ctx-1.ru.po.meta,ctx-1,1 idioma,RU,140,41.9739,32.0151,34.8709,1215.9767,0.0,11.0736,72.6841,100.0,61.6105,6,4.29
sed-4.8.44.pt_BR.llama.ctx-1.vi.po.meta,ctx-1,1 idioma,VI,140,38.2885,25.2059,35.3903,1252.476,0.0,7.2679,61.872,100.0,54.6041,8,5.71
sed-4.8.44.pt_BR.llama.ctx-1.zh_CN.po.meta,ctx-1,1 idioma,ZH_CN,140,40.1063,30.2401,35.443,1256.2079,0.0,10.6216,60.9918,100.0,50.3702,8,5.71
sed-4.8.44.pt_BR.llama.ctx-2.de-es.po.meta,ctx-2,2 idiomas,"ES,DE",140,42.3306,34.4008,33.7871,1141.5659,0.0,14.3498,67.4834,100.0,53.1336,9,6.43
sed-4.8.44.pt_BR.llama.ctx-2.de-fr.po.meta,ctx-2,2 idiomas,"FR,DE",140,41.0028,32.3976,35.0595,1229.1716,0.0,9.9533,67.3471,100.0,57.3938,11,7.86
sed-4.8.44.pt_BR.llama.ctx-2.de-id.po.meta,ctx-2,2 idiomas,"ID,DE",140,41.3042,32.1198,35.2012,1239.1246,0.0,10.9264,65.2688,100.0,54.3424,8,5.71
sed-4.8.44.pt_BR.llama.ctx-2.de-ru.po.meta,ctx-2,2 idiomas,"RU,DE",140,40.6985,30.2138,34.1808,1168.3272,0.0,10.6822,67.9305,100.0,57.2483,7,5.0
sed-4.8.44.pt_BR.llama.ctx-2.de-vi.po.meta,ctx-2,2 idiomas,"VI,DE",140,40.0974,29.3725,36.0018,1296.126,0.0,8.1167,66.1329,100.0,58.0162,7,5.0
sed-4.8.44.pt_BR.llama.ctx-2.de-zh_CN.po.meta,ctx-2,2 idiomas,"ZH_CN,DE",140,40.0748,28.5314,34.2245,1171.318,0.0,11.3032,59.2878,100.0,47.9847,9,6.43
sed-4.8.44.pt_BR.llama.ctx-2.es-fr.po.meta,ctx-2,2 idiomas,"FR,ES",140,40.3432,30.2494,33.3855,1114.5926,0.0,11.5187,64.7328,100.0,53.214,10,7.14
sed-4.8.44.pt_BR.llama.ctx-2.es-id.po.meta,ctx-2,2 idiomas,"ES,ID",140,42.6968,34.6146,33.0707,1093.6723,0.0,15.561,68.5682,100.0,53.0072,8,5.71
sed-4.8.44.pt_BR.llama.ctx-2.es-ru.po.meta,ctx-2,2 idiomas,"ES,RU",140,40.7514,29.1794,32.8902,1081.7679,0.0,13.211,61.4563,100.0,48.2454,9,6.43
sed-4.8.44.pt_BR.llama.ctx-2.es-vi.po.meta,ctx-2,2 idiomas,"ES,VI",140,39.33,27.8226,32.6056,1063.123,0.0,12.405,60.4989,100.0,48.0939,9,6.43
sed-4.8.44.pt_BR.llama.ctx-2.es-zh_CN.po.meta,ctx-2,2 idiomas,"ES,ZH_CN",140,41.1027,32.0732,33.0855,1094.6492,0.0,13.0267,67.4834,100.0,54.4566,8,5.71
sed-4.8.44.pt_BR.llama.ctx-2.fr-id.po.meta,ctx-2,2 idiomas,"FR,ID",140,40.147,29.4447,34.6066,1197.6148,0.0,10.0446,66.2356,100.0,56.191,11,7.86
sed-4.8.44.pt_BR.llama.ctx-2.fr-ru.po.meta,ctx-2,2 idiomas,"FR,RU",140,40.1814,29.6058,34.2754,1174.8059,0.0,10.6822,66.2356,100.0,55.5534,6,4.29
sed-4.8.44.pt_BR.llama.ctx-2.fr-vi.po.meta,ctx-2,2 idiomas,"FR,VI",140,38.8271,24.2847,35.9285,1290.8579,0.0,8.3421,61.3922,100.0,53.0501,12,8.57
sed-4.8.44.pt_BR.llama.ctx-2.fr-zh_CN.po.meta,ctx-2,2 idiomas,"FR,ZH_CN",140,40.4029,29.0285,35.2826,1244.8651,0.0,9.2875,65.2498,100.0,55.9623,9,6.43
sed-4.8.44.pt_BR.llama.ctx-2.id-ru.po.meta,ctx-2,2 idiomas,"ID,RU",140,40.7832,30.8868,35.485,1259.1856,0.0,10.4718,65.2688,100.0,54.797,11,7.86
sed-4.8.44.pt_BR.llama.ctx-2.id-vi.po.meta,ctx-2,2 idiomas,"VI,ID",140,39.117,25.5388,35.888,1287.9452,0.0,8.1167,63.3635,100.0,55.2468,9,6.43
sed-4.8.44.pt_BR.llama.ctx-2.id-zh_CN.po.meta,ctx-2,2 idiomas,"ZH_CN,ID",140,39.5229,28.5314,35.3978,1253.0029,0.0,10.4583,59.2878,100.0,48.8295,10,7.14
sed-4.8.44.pt_BR.llama.ctx-2.ru-vi.po.meta,ctx-2,2 idiomas,"VI,RU",140,38.6717,27.8004,34.7215,1205.5819,0.0,9.6749,59.519,100.0,49.8441,7,5.0
sed-4.8.44.pt_BR.llama.ctx-2.ru-zh_CN.po.meta,ctx-2,2 idiomas,"ZH_CN,RU",140,40.9032,29.9373,35.1437,1235.0821,0.0,10.5527,59.8502,100.0,49.2975,7,5.0
sed-4.8.44.pt_BR.llama.ctx-2.vi-zh_CN.po.meta,ctx-2,2 idiomas,"VI,ZH_CN",140,39.6052,26.0068,35.804,1281.9265,0.0,8.1167,67.0876,100.0,58.9709,8,5.71
tar-1.35.90.pt_BR.llama.ctx-0.po.meta,ctx-0,Sem contexto,,589,29.6144,18.9959,26.9605,726.8671,0.0,10.6822,41.1134,100.0,30.4312,48,8.15
tar-1.35.90.pt_BR.llama.ctx-1.de.po.meta,ctx-1,1 idioma,DE,589,30.8734,20.7806,28.2148,796.0732,0.0,9.9801,43.167,100.0,33.1869,52,8.83
tar-1.35.90.pt_BR.llama.ctx-1.es.po.meta,ctx-1,1 idioma,ES,589,32.1666,22.8942,28.3856,805.7429,0.0,11.0448,45.2347,100.0,34.19,42,7.13
tar-1.35.90.pt_BR.llama.ctx-1.fr.po.meta,ctx-1,1 idioma,FR,589,29.7619,21.1053,26.5095,702.7512,0.0,10.6822,41.1134,100.0,30.4312,49,8.32
tar-1.35.90.pt_BR.llama.ctx-1.id.po.meta,ctx-1,1 idioma,ID,589,29.6249,20.1416,27.1872,739.1416,0.0,10.6003,40.0924,100.0,29.4921,51,8.66
tar-1.35.90.pt_BR.llama.ctx-1.ru.po.meta,ctx-1,1 idioma,RU,589,30.743,22.0896,27.6315,763.4981,0.0,10.6822,41.7226,100.0,31.0404,51,8.66
tar-1.35.90.pt_BR.llama.ctx-1.vi.po.meta,ctx-1,1 idioma,VI,589,28.6615,19.0817,26.3737,695.5699,0.0,10.0747,38.6625,100.0,28.5878,47,7.98
tar-1.35.90.pt_BR.llama.ctx-1.zh_CN.po.meta,ctx-1,1 idioma,ZH_CN,589,29.8732,19.7161,27.3356,747.2329,0.0,10.5527,40.896,100.0,30.3433,50,8.49
tar-1.35.90.pt_BR.llama.ctx-2.de-es.po.meta,ctx-2,2 idiomas,"ES,DE",589,32.412,22.8942,28.397,806.3872,0.0,11.3594,45.1801,100.0,33.8207,45,7.64
tar-1.35.90.pt_BR.llama.ctx-2.de-fr.po.meta,ctx-2,2 idiomas,"FR,DE",589,31.2015,22.3162,27.4398,752.9449,0.0,11.3396,42.8698,100.0,31.5302,46,7.81
tar-1.35.90.pt_BR.llama.ctx-2.de-id.po.meta,ctx-2,2 idiomas,"DE,ID",589,31.0681,21.2006,28.2235,796.5678,0.0,10.6822,42.9764,100.0,32.2942,52,8.83
tar-1.35.90.pt_BR.llama.ctx-2.de-ru.po.meta,ctx-2,2 idiomas,"RU,DE",589,31.6772,22.0896,27.7978,772.7172,0.0,11.0448,45.4311,100.0,34.3863,47,7.98
tar-1.35.90.pt_BR.llama.ctx-2.de-vi.po.meta,ctx-2,2 idiomas,"DE,VI",589,30.2926,21.0224,27.1625,737.8015,0.0,10.079,43.167,100.0,33.088,50,8.49
tar-1.35.90.pt_BR.llama.ctx-2.de-zh_CN.po.meta,ctx-2,2 idiomas,"ZH_CN,DE",589,31.2169,21.9728,27.4041,750.9821,0.0,11.2085,43.4721,100.0,32.2636,49,8.32
tar-1.35.90.pt_BR.llama.ctx-2.es-fr.po.meta,ctx-2,2 idiomas,"ES,FR",589,31.8961,21.9728,28.4257,808.0177,0.0,11.0448,45.1801,100.0,34.1353,49,8.32
tar-1.35.90.pt_BR.llama.ctx-2.es-id.po.meta,ctx-2,2 idiomas,"ES,ID",589,31.5845,23.2175,28.0256,785.4322,0.0,10.6822,41.1134,100.0,30.4312,50,8.49
tar-1.35.90.pt_BR.llama.ctx-2.es-ru.po.meta,ctx-2,2 idiomas,"ES,RU",589,32.5353,23.2175,28.3945,806.2497,0.0,11.3594,45.7231,100.0,34.3638,44,7.47
tar-1.35.90.pt_BR.llama.ctx-2.es-vi.po.meta,ctx-2,2 idiomas,"ES,VI",589,30.8339,21.2006,27.5583,759.4608,0.0,10.8977,41.1134,100.0,30.2157,47,7.98
tar-1.35.90.pt_BR.llama.ctx-2.es-zh_CN.po.meta,ctx-2,2 idiomas,"ES,ZH_CN",589,32.2763,22.3614,28.6117,818.6281,0.0,10.826,45.1801,100.0,34.3541,44,7.47
tar-1.35.90.pt_BR.llama.ctx-2.fr-id.po.meta,ctx-2,2 idiomas,"FR,ID",589,30.7382,22.0896,27.6444,764.214,0.0,11.1636,42.7287,100.0,31.5651,47,7.98
tar-1.35.90.pt_BR.llama.ctx-2.fr-ru.po.meta,ctx-2,2 idiomas,"RU,FR",589,31.2782,22.0122,27.511,756.856,0.0,10.6822,43.4721,100.0,32.7899,47,7.98
tar-1.35.90.pt_BR.llama.ctx-2.fr-vi.po.meta,ctx-2,2 idiomas,"FR,VI",589,30.6058,22.0896,27.5644,759.796,0.0,11.0448,41.1134,100.0,30.0686,49,8.32
tar-1.35.90.pt_BR.llama.ctx-2.fr-zh_CN.po.meta,ctx-2,2 idiomas,"FR,ZH_CN",589,30.1791,22.0896,26.6875,712.223,0.0,11.1636,41.1134,100.0,29.9497,49,8.32
tar-1.35.90.pt_BR.llama.ctx-2.id-ru.po.meta,ctx-2,2 idiomas,"RU,ID",589,31.772,22.1548,28.3427,803.3111,0.0,10.6822,45.3078,100.0,34.6256,51,8.66
tar-1.35.90.pt_BR.llama.ctx-2.id-vi.po.meta,ctx-2,2 idiomas,"ID,VI",589,29.167,19.7161,26.8849,722.7998,0.0,10.224,39.7635,100.0,29.5395,51,8.66
tar-1.35.90.pt_BR.llama.ctx-2.id-zh_CN.po.meta,ctx-2,2 idiomas,"ZH_CN,ID",589,30.0861,20.5567,27.4517,753.5972,0.0,9.8808,41.1134,100.0,31.2326,48,8.15
tar-1.35.90.pt_BR.llama.ctx-2.ru-vi.po.meta,ctx-2,2 idiomas,"RU,VI",589,30.947,21.0224,27.9943,783.681,0.0,10.6822,42.5028,100.0,31.8206,51,8.66
tar-1.35.90.pt_BR.llama.ctx-2.ru-zh_CN.po.meta,ctx-2,2 idiomas,"RU,ZH_CN",589,31.0306,22.0896,27.478,755.0423,0.0,10.6822,42.8698,100.0,32.1876,50,8.49
tar-1.35.90.pt_BR.llama.ctx-2.vi-zh_CN.po.meta,ctx-2,2 idiomas,"ZH_CN,VI",589,29.5797,20.0902,26.9956,728.7616,0.0,10.5118,40.0292,100.0,29.5173,51,8.66
wget-1.25.0.pt_BR.llama.ctx-0.po.meta,ctx-0,Sem contexto,,596,27.4085,18.9676,23.6655,560.0537,0.0,9.7788,39.4925,100.0,29.7137,15,2.52
wget-1.25.0.pt_BR.llama.ctx-1.de.po.meta,ctx-1,1 idioma,DE,596,29.372,20.9273,24.6564,607.9385,0.0,10.8892,41.2895,100.0,30.4003,10,1.68
wget-1.25.0.pt_BR.llama.ctx-1.es.po.meta,ctx-1,1 idioma,ES,596,36.349,28.4291,27.1452,736.8614,0.0,14.8638,52.4897,100.0,37.6259,9,1.51
wget-1.25.0.pt_BR.llama.ctx-1.fr.po.meta,ctx-1,1 idioma,FR,596,31.6385,24.6121,24.1811,584.7251,0.0,13.325,44.2667,100.0,30.9417,10,1.68
wget-1.25.0.pt_BR.llama.ctx-1.id.po.meta,ctx-1,1 idioma,ID,596,29.6988,22.0896,23.6607,559.8275,0.0,12.1981,40.5071,100.0,28.3089,12,2.01
wget-1.25.0.pt_BR.llama.ctx-1.ru.po.meta,ctx-1,1 idioma,RU,596,30.2593,21.97,24.4264,596.6506,0.0,11.7362,43.5868,100.0,31.8507,9,1.51
wget-1.25.0.pt_BR.llama.ctx-1.vi.po.meta,ctx-1,1 idioma,VI,596,27.4553,20.5567,22.3029,497.4196,0.0,10.6498,38.5032,100.0,27.8534,9,1.51
wget-1.25.0.pt_BR.llama.ctx-1.zh_CN.po.meta,ctx-1,1 idioma,ZH_CN,596,30.6328,23.2708,24.9721,623.6037,0.0,11.3551,42.8942,100.0,31.5391,10,1.68
wget-1.25.0.pt_BR.llama.ctx-2.de-es.po.meta,ctx-2,2 idiomas,"DE,ES",596,32.0816,24.6209,25.9622,674.0335,0.0,12.2231,44.8197,100.0,32.5967,10,1.68
wget-1.25.0.pt_BR.llama.ctx-2.de-fr.po.meta,ctx-2,2 idiomas,"DE,FR",596,31.4222,23.3102,25.2539,637.7602,0.0,12.376,44.8339,100.0,32.4578,9,1.51
wget-1.25.0.pt_BR.llama.ctx-2.de-id.po.meta,ctx-2,2 idiomas,"ID,DE",596,30.4239,23.2757,24.1525,583.3444,0.0,12.0424,42.7949,100.0,30.7525,10,1.68
wget-1.25.0.pt_BR.llama.ctx-2.de-ru.po.meta,ctx-2,2 idiomas,"RU,DE",596,31.4286,23.4402,24.8917,619.5983,0.0,11.9824,45.6729,100.0,33.6905,11,1.85
wget-1.25.0.pt_BR.llama.ctx-2.de-vi.po.meta,ctx-2,2 idiomas,"VI,DE",596,28.7913,21.6934,23.2806,541.9857,0.0,11.0419,40.9335,100.0,29.8917,10,1.68
wget-1.25.0.pt_BR.llama.ctx-2.de-zh_CN.po.meta,ctx-2,2 idiomas,"DE,ZH_CN",596,31.0832,22.7721,25.25,637.5626,0.0,11.4627,44.6324,100.0,33.1697,10,1.68
wget-1.25.0.pt_BR.llama.ctx-2.es-fr.po.meta,ctx-2,2 idiomas,"FR,ES",596,33.7864,26.305,25.395,644.907,0.0,14.9484,48.3825,100.0,33.4341,10,1.68
wget-1.25.0.pt_BR.llama.ctx-2.es-id.po.meta,ctx-2,2 idiomas,"ID,ES",596,31.9186,25.473,24.6986,610.0198,0.0,12.4926,44.6324,100.0,32.1397,8,1.34
wget-1.25.0.pt_BR.llama.ctx-2.es-ru.po.meta,ctx-2,2 idiomas,"RU,ES",596,33.7699,26.29,25.7774,664.476,0.0,12.9404,50.0,100.0,37.0596,9,1.51
wget-1.25.0.pt_BR.llama.ctx-2.es-vi.po.meta,ctx-2,2 idiomas,"VI,ES",596,30.5683,24.6732,23.7019,561.7804,0.0,12.0776,43.4691,100.0,31.3915,10,1.68
wget-1.25.0.pt_BR.llama.ctx-2.es-zh_CN.po.meta,ctx-2,2 idiomas,"ZH_CN,ES",596,32.9198,25.8487,25.393,644.8036,0.0,13.0687,47.0688,100.0,34.0,9,1.51
wget-1.25.0.pt_BR.llama.ctx-2.fr-id.po.meta,ctx-2,2 idiomas,"ID,FR",596,30.7536,22.8695,24.5906,604.7,0.0,12.3329,43.3321,100.0,30.9991,12,2.01
wget-1.25.0.pt_BR.llama.ctx-2.fr-ru.po.meta,ctx-2,2 idiomas,"RU,FR",596,32.1745,24.8485,25.1142,630.7244,0.0,12.4656,45.7482,100.0,33.2826,12,2.01
wget-1.25.0.pt_BR.llama.ctx-2.fr-vi.po.meta,ctx-2,2 idiomas,"VI,FR",596,29.1236,22.6929,23.3827,546.7488,0.0,11.1099,40.014,100.0,28.9041,11,1.85
wget-1.25.0.pt_BR.llama.ctx-2.fr-zh_CN.po.meta,ctx-2,2 idiomas,"FR,ZH_CN",596,33.5135,26.3242,25.5089,650.7056,0.0,13.1345,48.327,100.0,35.1924,11,1.85
wget-1.25.0.pt_BR.llama.ctx-2.id-ru.po.meta,ctx-2,2 idiomas,"RU,ID",596,31.2672,24.4108,24.5466,602.5362,0.0,12.2263,44.093,100.0,31.8666,11,1.85
wget-1.25.0.pt_BR.llama.ctx-2.id-vi.po.meta,ctx-2,2 idiomas,"VI,ID",596,27.608,21.3939,22.3775,500.7543,0.0,10.2088,38.1693,100.0,27.9605,11,1.85
wget-1.25.0.pt_BR.llama.ctx-2.id-zh_CN.po.meta,ctx-2,2 idiomas,"ID,ZH_CN",596,30.3066,22.533,24.4392,597.2764,0.0,11.8206,43.8698,100.0,32.0492,9,1.51
wget-1.25.0.pt_BR.llama.ctx-2.ru-vi.po.meta,ctx-2,2 idiomas,"RU,VI",596,30.4652,21.9926,24.5946,604.892,0.0,11.6825,44.2517,100.0,32.5692,9,1.51
wget-1.25.0.pt_BR.llama.ctx-2.ru-zh_CN.po.meta,ctx-2,2 idiomas,"RU,ZH_CN",596,31.5352,22.9911,25.2216,636.1299,0.0,12.2231,45.7919,100.0,33.5689,10,1.68
wget-1.25.0.pt_BR.llama.ctx-2.vi-zh_CN.po.meta,ctx-2,2 idiomas,"VI,ZH_CN",596,29.0617,22.3666,23.2687,541.4339,0.0,11.3396,42.1735,100.0,30.834,10,1.68
xdg-user-dirs-0.17.pt_BR.llama.ctx-0.po.meta,ctx-0,Sem contexto,,28,0.952,0.0,3.5688,12.7366,0.0,0.0,0.0,15.9736,0.0,26,92.86
xdg-user-dirs-0.17.pt_BR.llama.ctx-1.de.po.meta,ctx-1,1 idioma,DE,28,11.995,0.0,27.0252,730.3638,0.0,0.0,5.3411,100.0,5.3411,21,75.0
xdg-user-dirs-0.17.pt_BR.llama.ctx-1.es.po.meta,ctx-1,1 idioma,ES,28,16.9799,0.0,35.4652,1257.7795,0.0,0.0,3.9934,100.0,3.9934,21,75.0
xdg-user-dirs-0.17.pt_BR.llama.ctx-1.fr.po.meta,ctx-1,1 idioma,FR,28,21.065,0.0,38.547,1485.8678,0.0,0.0,27.5161,100.0,27.5161,19,67.86
xdg-user-dirs-0.17.pt_BR.llama.ctx-1.id.po.meta,ctx-1,1 idioma,ID,28,1.141,0.0,4.1893,17.5504,0.0,0.0,0.0,15.9736,0.0,26,92.86
xdg-user-dirs-0.17.pt_BR.llama.ctx-1.ru.po.meta,ctx-1,1 idioma,RU,28,26.3207,0.0,41.7893,1746.3464,0.0,0.0,51.258,100.0,51.258,19,67.86
xdg-user-dirs-0.17.pt_BR.llama.ctx-1.vi.po.meta,ctx-1,1 idioma,VI,28,0.5705,0.0,3.0187,9.1127,0.0,0.0,0.0,15.9736,0.0,27,96.43
xdg-user-dirs-0.17.pt_BR.llama.ctx-1.zh_CN.po.meta,ctx-1,1 idioma,ZH_CN,28,1.141,0.0,4.1893,17.5504,0.0,0.0,0.0,15.9736,0.0,26,92.86
xdg-user-dirs-0.17.pt_BR.llama.ctx-2.de-es.po.meta,ctx-2,2 idiomas,"ES,DE",28,14.4005,0.0,31.6181,999.7024,0.0,0.0,4.0583,100.0,4.0583,21,75.0
xdg-user-dirs-0.17.pt_BR.llama.ctx-2.de-fr.po.meta,ctx-2,2 idiomas,"FR,DE",28,20.4997,0.0,38.4502,1478.4206,0.0,0.0,21.3644,100.0,21.3644,19,67.86
xdg-user-dirs-0.17.pt_BR.llama.ctx-2.de-id.po.meta,ctx-2,2 idiomas,"DE,ID",28,6.2749,0.0,20.1281,405.1408,0.0,0.0,0.0,100.0,0.0,24,85.71
xdg-user-dirs-0.17.pt_BR.llama.ctx-2.de-ru.po.meta,ctx-2,2 idiomas,"RU,DE",28,25.9427,0.0,41.7844,1745.9356,0.0,0.0,51.258,100.0,51.258,19,67.86
xdg-user-dirs-0.17.pt_BR.llama.ctx-2.de-vi.po.meta,ctx-2,2 idiomas,"VI,DE",28,6.2776,0.0,19.8967,395.8783,0.0,0.0,0.0,100.0,0.0,23,82.14
xdg-user-dirs-0.17.pt_BR.llama.ctx-2.de-zh_CN.po.meta,ctx-2,2 idiomas,"DE,ZH_CN",28,6.2656,0.0,20.1234,404.9516,0.0,0.0,0.0,100.0,0.0,24,85.71
xdg-user-dirs-0.17.pt_BR.llama.ctx-2.es-fr.po.meta,ctx-2,2 idiomas,"FR,ES",28,21.45,0.0,38.274,1464.9002,0.0,0.0,22.9023,100.0,22.9023,18,64.29
xdg-user-dirs-0.17.pt_BR.llama.ctx-2.es-id.po.meta,ctx-2,2 idiomas,"ES,ID",28,14.3912,0.0,31.6176,999.6696,0.0,0.0,3.9934,100.0,3.9934,21,75.0
xdg-user-dirs-0.17.pt_BR.llama.ctx-2.es-ru.po.meta,ctx-2,2 idiomas,"RU,ES",28,26.9254,0.0,41.4741,1720.0989,0.0,0.0,51.258,100.0,51.258,18,64.29
xdg-user-dirs-0.17.pt_BR.llama.ctx-2.es-vi.po.meta,ctx-2,2 idiomas,"VI,ES",28,5.2585,0.0,19.4861,379.707,0.0,0.0,0.0,100.0,0.0,24,85.71
xdg-user-dirs-0.17.pt_BR.llama.ctx-2.es-zh_CN.po.meta,ctx-2,2 idiomas,"ES,ZH_CN",28,17.5846,0.0,35.2597,1243.2484,0.0,0.0,17.3213,100.0,17.3213,20,71.43
xdg-user-dirs-0.17.pt_BR.llama.ctx-2.fr-id.po.meta,ctx-2,2 idiomas,"FR,ID",28,14.0225,0.0,31.4634,989.9472,0.0,0.0,4.0583,100.0,4.0583,21,75.0
xdg-user-dirs-0.17.pt_BR.llama.ctx-2.fr-ru.po.meta,ctx-2,2 idiomas,"FR,RU",28,19.9408,0.0,35.6721,1272.4993,0.0,0.0,27.5161,100.0,27.5161,19,67.86
xdg-user-dirs-0.17.pt_BR.llama.ctx-2.fr-vi.po.meta,ctx-2,2 idiomas,"VI,FR",28,5.5369,0.0,19.8661,394.6621,0.0,0.0,0.0,100.0,0.0,25,89.29
xdg-user-dirs-0.17.pt_BR.llama.ctx-2.fr-zh_CN.po.meta,ctx-2,2 idiomas,"FR,ZH_CN",28,20.2943,0.0,38.4651,1479.561,0.0,0.0,17.3213,100.0,17.3213,19,67.86
xdg-user-dirs-0.17.pt_BR.llama.ctx-2.id-ru.po.meta,ctx-2,2 idiomas,"RU,ID",28,14.026,0.0,32.1481,1033.4981,0.0,0.0,0.0,100.0,0.0,22,78.57
xdg-user-dirs-0.17.pt_BR.llama.ctx-2.id-vi.po.meta,ctx-2,2 idiomas,"VI,ID",28,0.5705,0.0,3.0187,9.1127,0.0,0.0,0.0,15.9736,0.0,27,96.43
xdg-user-dirs-0.17.pt_BR.llama.ctx-2.id-zh_CN.po.meta,ctx-2,2 idiomas,"ZH_CN,ID",28,0.952,0.0,3.5688,12.7366,0.0,0.0,0.0,15.9736,0.0,26,92.86
xdg-user-dirs-0.17.pt_BR.llama.ctx-2.ru-vi.po.meta,ctx-2,2 idiomas,"VI,RU",28,12.838,0.0,31.4187,987.1358,0.0,0.0,0.0,100.0,0.0,22,78.57
xdg-user-dirs-0.17.pt_BR.llama.ctx-2.ru-zh_CN.po.meta,ctx-2,2 idiomas,"RU,ZH_CN",28,19.1778,0.0,36.6419,1342.6317,0.0,0.0,7.9868,100.0,7.9868,21,75.0
xdg-user-dirs-0.17.pt_BR.llama.ctx-2.vi-zh_CN.po.meta,ctx-2,2 idiomas,"VI,ZH_CN",28,0.5705,0.0,3.0187,9.1127,0.0,0.0,0.0,15.9736,0.0,27,96.43
