project,arquivo_ref,arquivo_cmp,ctx_level_cmp,n_pares,w_stat,w_p,significativo,sig
aspell_v0.60.8.1,aspell-0.60.8.1.pt_BR.llama.ctx-0.po.meta,aspell-0.60.8.1.pt_BR.llama.ctx-1.de.po.meta,ctx-1,297,5002.5,0.002683,True,**
aspell_v0.60.8.1,aspell-0.60.8.1.pt_BR.llama.ctx-0.po.meta,aspell-0.60.8.1.pt_BR.llama.ctx-1.es.po.meta,ctx-1,297,6724.0,0.0,True,***
aspell_v0.60.8.1,aspell-0.60.8.1.pt_BR.llama.ctx-0.po.meta,aspell-0.60.8.1.pt_BR.llama.ctx-1.fr.po.meta,ctx-1,297,5414.0,0.0,True,***
aspell_v0.60.8.1,aspell-0.60.8.1.pt_BR.llama.ctx-0.po.meta,aspell-0.60.8.1.pt_BR.llama.ctx-1.id.po.meta,ctx-1,297,7665.5,0.000952,True,***
aspell_v0.60.8.1,aspell-0.60.8.1.pt_BR.llama.ctx-0.po.meta,aspell-0.60.8.1.pt_BR.llama.ctx-1.ru.po.meta,ctx-1,297,6616.0,0.0,True,***
aspell_v0.60.8.1,aspell-0.60.8.1.pt_BR.llama.ctx-0.po.meta,aspell-0.60.8.1.pt_BR.llama.ctx-1.vi.po.meta,ctx-1,297,10149.5,0.055421,False,ns
aspell_v0.60.8.1,aspell-0.60.8.1.pt_BR.llama.ctx-0.po.meta,aspell-0.60.8.1.pt_BR.llama.ctx-1.zh_CN.po.meta,ctx-1,297,7306.5,0.001155,True,**
aspell_v0.60.8.1,aspell-0.60.8.1.pt_BR.llama.ctx-0.po.meta,aspell-0.60.8.1.pt_BR.llama.ctx-2.de-es.po.meta,ctx-2,297,5068.5,0.0,True,***
aspell_v0.60.8.1,aspell-0.60.8.1.pt_BR.llama.ctx-0.po.meta,aspell-0.60.8.1.pt_BR.llama.ctx-2.de-fr.po.meta,ctx-2,297,5428.5,0.0,True,***
aspell_v0.60.8.1,aspell-0.60.8.1.pt_BR.llama.ctx-0.po.meta,aspell-0.60.8.1.pt_BR.llama.ctx-2.de-id.po.meta,ctx-2,297,5820.0,4.1e-05,True,***
aspell_v0.60.8.1,aspell-0.60.8.1.pt_BR.llama.ctx-0.po.meta,aspell-0.60.8.1.pt_BR.llama.ctx-2.de-ru.po.meta,ctx-2,297,5912.5,2e-06,True,***
aspell_v0.60.8.1,aspell-0.60.8.1.pt_BR.llama.ctx-0.po.meta,aspell-0.60.8.1.pt_BR.llama.ctx-2.de-vi.po.meta,ctx-2,297,6637.5,0.000218,True,***
aspell_v0.60.8.1,aspell-0.60.8.1.pt_BR.llama.ctx-0.po.meta,aspell-0.60.8.1.pt_BR.llama.ctx-2.de-zh_CN.po.meta,ctx-2,297,5756.0,0.001895,True,**
aspell_v0.60.8.1,aspell-0.60.8.1.pt_BR.llama.ctx-0.po.meta,aspell-0.60.8.1.pt_BR.llama.ctx-2.es-fr.po.meta,ctx-2,297,6443.5,0.0,True,***
aspell_v0.60.8.1,aspell-0.60.8.1.pt_BR.llama.ctx-0.po.meta,aspell-0.60.8.1.pt_BR.llama.ctx-2.es-id.po.meta,ctx-2,297,6513.5,0.0,True,***
aspell_v0.60.8.1,aspell-0.60.8.1.pt_BR.llama.ctx-0.po.meta,aspell-0.60.8.1.pt_BR.llama.ctx-2.es-ru.po.meta,ctx-2,297,6569.5,0.0,True,***
aspell_v0.60.8.1,aspell-0.60.8.1.pt_BR.llama.ctx-0.po.meta,aspell-0.60.8.1.pt_BR.llama.ctx-2.es-vi.po.meta,ctx-2,297,6989.0,0.0,True,***
aspell_v0.60.8.1,aspell-0.60.8.1.pt_BR.llama.ctx-0.po.meta,aspell-0.60.8.1.pt_BR.llama.ctx-2.es-zh_CN.po.meta,ctx-2,297,6719.5,0.0,True,***
aspell_v0.60.8.1,aspell-0.60.8.1.pt_BR.llama.ctx-0.po.meta,aspell-0.60.8.1.pt_BR.llama.ctx-2.fr-id.po.meta,ctx-2,297,5229.0,0.0,True,***
aspell_v0.60.8.1,aspell-0.60.8.1.pt_BR.llama.ctx-0.po.meta,aspell-0.60.8.1.pt_BR.llama.ctx-2.fr-ru.po.meta,ctx-2,297,4859.5,0.0,True,***
aspell_v0.60.8.1,aspell-0.60.8.1.pt_BR.llama.ctx-0.po.meta,aspell-0.60.8.1.pt_BR.llama.ctx-2.fr-vi.po.meta,ctx-2,297,4845.5,0.0,True,***
aspell_v0.60.8.1,aspell-0.60.8.1.pt_BR.llama.ctx-0.po.meta,aspell-0.60.8.1.pt_BR.llama.ctx-2.fr-zh_CN.po.meta,ctx-2,297,5974.5,0.0,True,***
aspell_v0.60.8.1,aspell-0.60.8.1.pt_BR.llama.ctx-0.po.meta,aspell-0.60.8.1.pt_BR.llama.ctx-2.id-ru.po.meta,ctx-2,297,6116.0,0.0,True,***
aspell_v0.60.8.1,aspell-0.60.8.1.pt_BR.llama.ctx-0.po.meta,aspell-0.60.8.1.pt_BR.llama.ctx-2.id-vi.po.meta,ctx-2,297,8652.0,0.000607,True,***
aspell_v0.60.8.1,aspell-0.60.8.1.pt_BR.llama.ctx-0.po.meta,aspell-0.60.8.1.pt_BR.llama.ctx-2.id-zh_CN.po.meta,ctx-2,297,5902.5,9e-06,True,***
aspell_v0.60.8.1,aspell-0.60.8.1.pt_BR.llama.ctx-0.po.meta,aspell-0.60.8.1.pt_BR.llama.ctx-2.ru-vi.po.meta,ctx-2,297,7914.5,0.0,True,***
aspell_v0.60.8.1,aspell-0.60.8.1.pt_BR.llama.ctx-0.po.meta,aspell-0.60.8.1.pt_BR.llama.ctx-2.ru-zh_CN.po.meta,ctx-2,297,5063.0,0.0,True,***
aspell_v0.60.8.1,aspell-0.60.8.1.pt_BR.llama.ctx-0.po.meta,aspell-0.60.8.1.pt_BR.llama.ctx-2.vi-zh_CN.po.meta,ctx-2,297,7694.5,0.000124,True,***
bison-runtime_v3.5.90,bison-runtime-3.5.90.pt_BR.llama.ctx-0.po.meta,bison-runtime-3.5.90.pt_BR.llama.ctx-1.de.po.meta,ctx-1,9,0.0,0.007812,True,**
bison-runtime_v3.5.90,bison-runtime-3.5.90.pt_BR.llama.ctx-0.po.meta,bison-runtime-3.5.90.pt_BR.llama.ctx-1.es.po.meta,ctx-1,9,0.0,0.003906,True,**
bison-runtime_v3.5.90,bison-runtime-3.5.90.pt_BR.llama.ctx-0.po.meta,bison-runtime-3.5.90.pt_BR.llama.ctx-1.fr.po.meta,ctx-1,9,3.0,0.019531,True,*
bison-runtime_v3.5.90,bison-runtime-3.5.90.pt_BR.llama.ctx-0.po.meta,bison-runtime-3.5.90.pt_BR.llama.ctx-1.id.po.meta,ctx-1,9,0.0,0.003906,True,**
bison-runtime_v3.5.90,bison-runtime-3.5.90.pt_BR.llama.ctx-0.po.meta,bison-runtime-3.5.90.pt_BR.llama.ctx-1.ru.po.meta,ctx-1,9,1.0,0.007812,True,**
bison-runtime_v3.5.90,bison-runtime-3.5.90.pt_BR.llama.ctx-0.po.meta,bison-runtime-3.5.90.pt_BR.llama.ctx-1.vi.po.meta,ctx-1,9,20.0,0.820312,False,ns
bison-runtime_v3.5.90,bison-runtime-3.5.90.pt_BR.llama.ctx-0.po.meta,bison-runtime-3.5.90.pt_BR.llama.ctx-1.zh_CN.po.meta,ctx-1,9,7.0,0.074219,False,ns
bison-runtime_v3.5.90,bison-runtime-3.5.90.pt_BR.llama.ctx-0.po.meta,bison-runtime-3.5.90.pt_BR.llama.ctx-2.de-es.po.meta,ctx-2,9,9.0,0.128906,False,ns
bison-runtime_v3.5.90,bison-runtime-3.5.90.pt_BR.llama.ctx-0.po.meta,bison-runtime-3.5.90.pt_BR.llama.ctx-2.de-fr.po.meta,ctx-2,9,13.0,0.546875,False,ns
bison-runtime_v3.5.90,bison-runtime-3.5.90.pt_BR.llama.ctx-0.po.meta,bison-runtime-3.5.90.pt_BR.llama.ctx-2.de-id.po.meta,ctx-2,9,11.0,0.203125,False,ns
bison-runtime_v3.5.90,bison-runtime-3.5.90.pt_BR.llama.ctx-0.po.meta,bison-runtime-3.5.90.pt_BR.llama.ctx-2.de-ru.po.meta,ctx-2,9,8.0,0.097656,False,ns
bison-runtime_v3.5.90,bison-runtime-3.5.90.pt_BR.llama.ctx-0.po.meta,bison-runtime-3.5.90.pt_BR.llama.ctx-2.de-vi.po.meta,ctx-2,9,18.0,1.0,False,ns
bison-runtime_v3.5.90,bison-runtime-3.5.90.pt_BR.llama.ctx-0.po.meta,bison-runtime-3.5.90.pt_BR.llama.ctx-2.de-zh_CN.po.meta,ctx-2,9,5.0,0.039062,True,*
bison-runtime_v3.5.90,bison-runtime-3.5.90.pt_BR.llama.ctx-0.po.meta,bison-runtime-3.5.90.pt_BR.llama.ctx-2.es-fr.po.meta,ctx-2,9,7.0,0.074219,False,ns
bison-runtime_v3.5.90,bison-runtime-3.5.90.pt_BR.llama.ctx-0.po.meta,bison-runtime-3.5.90.pt_BR.llama.ctx-2.es-id.po.meta,ctx-2,9,4.0,0.027344,True,*
bison-runtime_v3.5.90,bison-runtime-3.5.90.pt_BR.llama.ctx-0.po.meta,bison-runtime-3.5.90.pt_BR.llama.ctx-2.es-ru.po.meta,ctx-2,9,2.0,0.011719,True,*
bison-runtime_v3.5.90,bison-runtime-3.5.90.pt_BR.llama.ctx-0.po.meta,bison-runtime-3.5.90.pt_BR.llama.ctx-2.es-vi.po.meta,ctx-2,9,8.0,0.097656,False,ns
bison-runtime_v3.5.90,bison-runtime-3.5.90.pt_BR.llama.ctx-0.po.meta,bison-runtime-3.5.90.pt_BR.llama.ctx-2.es-zh_CN.po.meta,ctx-2,9,1.0,0.007812,True,**
bison-runtime_v3.5.90,bison-runtime-3.5.90.pt_BR.llama.ctx-0.po.meta,bison-runtime-3.5.90.pt_BR.llama.ctx-2.fr-id.po.meta,ctx-2,9,7.0,0.148438,False,ns
bison-runtime_v3.5.90,bison-runtime-3.5.90.pt_BR.llama.ctx-0.po.meta,bison-runtime-3.5.90.pt_BR.llama.ctx-2.fr-ru.po.meta,ctx-2,9,0.0,0.003906,True,**
bison-runtime_v3.5.90,bison-runtime-3.5.90.pt_BR.llama.ctx-0.po.meta,bison-runtime-3.5.90.pt_BR.llama.ctx-2.fr-vi.po.meta,ctx-2,9,16.0,0.496094,False,ns
bison-runtime_v3.5.90,bison-runtime-3.5.90.pt_BR.llama.ctx-0.po.meta,bison-runtime-3.5.90.pt_BR.llama.ctx-2.fr-zh_CN.po.meta,ctx-2,9,1.0,0.007812,True,**
bison-runtime_v3.5.90,bison-runtime-3.5.90.pt_BR.llama.ctx-0.po.meta,bison-runtime-3.5.90.pt_BR.llama.ctx-2.id-ru.po.meta,ctx-2,9,3.0,0.019531,True,*
bison-runtime_v3.5.90,bison-runtime-3.5.90.pt_BR.llama.ctx-0.po.meta,bison-runtime-3.5.90.pt_BR.llama.ctx-2.id-vi.po.meta,ctx-2,9,20.0,0.820312,False,ns
bison-runtime_v3.5.90,bison-runtime-3.5.90.pt_BR.llama.ctx-0.po.meta,bison-runtime-3.5.90.pt_BR.llama.ctx-2.id-zh_CN.po.meta,ctx-2,9,0.0,0.003906,True,**
bison-runtime_v3.5.90,bison-runtime-3.5.90.pt_BR.llama.ctx-0.po.meta,bison-runtime-3.5.90.pt_BR.llama.ctx-2.ru-vi.po.meta,ctx-2,9,10.0,0.3125,False,ns
bison-runtime_v3.5.90,bison-runtime-3.5.90.pt_BR.llama.ctx-0.po.meta,bison-runtime-3.5.90.pt_BR.llama.ctx-2.ru-zh_CN.po.meta,ctx-2,9,7.0,0.074219,False,ns
bison-runtime_v3.5.90,bison-runtime-3.5.90.pt_BR.llama.ctx-0.po.meta,bison-runtime-3.5.90.pt_BR.llama.ctx-2.vi-zh_CN.po.meta,ctx-2,9,8.0,0.097656,False,ns
diffutils_v3.10.242,diffutils-3.10.242.pt_BR.llama.ctx-0.po.meta,diffutils-3.10.242.pt_BR.llama.ctx-1.es.po.meta,ctx-1,262,4628.5,0.0,True,***
diffutils_v3.10.242,diffutils-3.10.242.pt_BR.llama.ctx-0.po.meta,diffutils-3.10.242.pt_BR.llama.ctx-1.fr.po.meta,ctx-1,262,6402.0,0.0,True,***
diffutils_v3.10.242,diffutils-3.10.242.pt_BR.llama.ctx-0.po.meta,diffutils-3.10.242.pt_BR.llama.ctx-1.id.po.meta,ctx-1,262,8989.5,0.721817,False,ns
diffutils_v3.10.242,diffutils-3.10.242.pt_BR.llama.ctx-0.po.meta,diffutils-3.10.242.pt_BR.llama.ctx-1.ru.po.meta,ctx-1,262,8269.5,0.000254,True,***
diffutils_v3.10.242,diffutils-3.10.242.pt_BR.llama.ctx-0.po.meta,diffutils-3.10.242.pt_BR.llama.ctx-1.vi.po.meta,ctx-1,262,9846.5,0.132271,False,ns
diffutils_v3.10.242,diffutils-3.10.242.pt_BR.llama.ctx-0.po.meta,diffutils-3.10.242.pt_BR.llama.ctx-1.zh_CN.po.meta,ctx-1,262,8576.5,0.02607,True,*
diffutils_v3.10.242,diffutils-3.10.242.pt_BR.llama.ctx-0.po.meta,diffutils-3.10.242.pt_BR.llama.ctx-2.de-es.po.meta,ctx-2,262,8519.0,2.6e-05,True,***
diffutils_v3.10.242,diffutils-3.10.242.pt_BR.llama.ctx-0.po.meta,diffutils-3.10.242.pt_BR.llama.ctx-2.de-fr.po.meta,ctx-2,262,7881.0,4e-06,True,***
diffutils_v3.10.242,diffutils-3.10.242.pt_BR.llama.ctx-0.po.meta,diffutils-3.10.242.pt_BR.llama.ctx-2.de-id.po.meta,ctx-2,262,10706.5,0.673893,False,ns
diffutils_v3.10.242,diffutils-3.10.242.pt_BR.llama.ctx-0.po.meta,diffutils-3.10.242.pt_BR.llama.ctx-2.de-ru.po.meta,ctx-2,262,8141.0,2.2e-05,True,***
diffutils_v3.10.242,diffutils-3.10.242.pt_BR.llama.ctx-0.po.meta,diffutils-3.10.242.pt_BR.llama.ctx-2.de-vi.po.meta,ctx-2,262,8414.0,0.00066,True,***
diffutils_v3.10.242,diffutils-3.10.242.pt_BR.llama.ctx-0.po.meta,diffutils-3.10.242.pt_BR.llama.ctx-2.de-zh_CN.po.meta,ctx-2,262,9809.5,0.013083,True,*
diffutils_v3.10.242,diffutils-3.10.242.pt_BR.llama.ctx-0.po.meta,diffutils-3.10.242.pt_BR.llama.ctx-2.es-fr.po.meta,ctx-2,262,6156.5,0.0,True,***
diffutils_v3.10.242,diffutils-3.10.242.pt_BR.llama.ctx-0.po.meta,diffutils-3.10.242.pt_BR.llama.ctx-2.es-id.po.meta,ctx-2,262,9269.5,0.010381,True,*
diffutils_v3.10.242,diffutils-3.10.242.pt_BR.llama.ctx-0.po.meta,diffutils-3.10.242.pt_BR.llama.ctx-2.es-ru.po.meta,ctx-2,262,5884.5,0.0,True,***
diffutils_v3.10.242,diffutils-3.10.242.pt_BR.llama.ctx-0.po.meta,diffutils-3.10.242.pt_BR.llama.ctx-2.es-vi.po.meta,ctx-2,262,9332.0,0.003853,True,**
diffutils_v3.10.242,diffutils-3.10.242.pt_BR.llama.ctx-0.po.meta,diffutils-3.10.242.pt_BR.llama.ctx-2.es-zh_CN.po.meta,ctx-2,262,4925.5,0.0,True,***
diffutils_v3.10.242,diffutils-3.10.242.pt_BR.llama.ctx-0.po.meta,diffutils-3.10.242.pt_BR.llama.ctx-2.fr-id.po.meta,ctx-2,262,9443.0,0.063746,False,ns
diffutils_v3.10.242,diffutils-3.10.242.pt_BR.llama.ctx-0.po.meta,diffutils-3.10.242.pt_BR.llama.ctx-2.fr-ru.po.meta,ctx-2,262,6451.0,0.0,True,***
diffutils_v3.10.242,diffutils-3.10.242.pt_BR.llama.ctx-0.po.meta,diffutils-3.10.242.pt_BR.llama.ctx-2.fr-vi.po.meta,ctx-2,262,10955.0,0.473228,False,ns
diffutils_v3.10.242,diffutils-3.10.242.pt_BR.llama.ctx-0.po.meta,diffutils-3.10.242.pt_BR.llama.ctx-2.fr-zh_CN.po.meta,ctx-2,262,6977.5,0.0,True,***
diffutils_v3.10.242,diffutils-3.10.242.pt_BR.llama.ctx-0.po.meta,diffutils-3.10.242.pt_BR.llama.ctx-2.id-ru.po.meta,ctx-2,262,11250.0,0.780684,False,ns
diffutils_v3.10.242,diffutils-3.10.242.pt_BR.llama.ctx-0.po.meta,diffutils-3.10.242.pt_BR.llama.ctx-2.id-vi.po.meta,ctx-2,262,10102.0,0.514413,False,ns
diffutils_v3.10.242,diffutils-3.10.242.pt_BR.llama.ctx-0.po.meta,diffutils-3.10.242.pt_BR.llama.ctx-2.id-zh_CN.po.meta,ctx-2,262,11541.5,0.758246,False,ns
diffutils_v3.10.242,diffutils-3.10.242.pt_BR.llama.ctx-0.po.meta,diffutils-3.10.242.pt_BR.llama.ctx-2.ru-vi.po.meta,ctx-2,262,11360.5,0.875575,False,ns
diffutils_v3.10.242,diffutils-3.10.242.pt_BR.llama.ctx-0.po.meta,diffutils-3.10.242.pt_BR.llama.ctx-2.ru-zh_CN.po.meta,ctx-2,262,7702.5,4.1e-05,True,***
diffutils_v3.10.242,diffutils-3.10.242.pt_BR.llama.ctx-0.po.meta,diffutils-3.10.242.pt_BR.llama.ctx-2.vi-zh_CN.po.meta,ctx-2,262,11475.5,0.792008,False,ns
exif_v0.6.22,exif-0.6.22.pt_BR.llama.ctx-0.po.meta,exif-0.6.22.pt_BR.llama.ctx-1.de.po.meta,ctx-1,69,362.0,0.007825,True,**
exif_v0.6.22,exif-0.6.22.pt_BR.llama.ctx-0.po.meta,exif-0.6.22.pt_BR.llama.ctx-1.es.po.meta,ctx-1,69,297.0,0.000357,True,***
exif_v0.6.22,exif-0.6.22.pt_BR.llama.ctx-0.po.meta,exif-0.6.22.pt_BR.llama.ctx-1.fr.po.meta,ctx-1,69,241.0,0.00022,True,***
exif_v0.6.22,exif-0.6.22.pt_BR.llama.ctx-0.po.meta,exif-0.6.22.pt_BR.llama.ctx-1.id.po.meta,ctx-1,69,609.5,0.786933,False,ns
exif_v0.6.22,exif-0.6.22.pt_BR.llama.ctx-0.po.meta,exif-0.6.22.pt_BR.llama.ctx-1.ru.po.meta,ctx-1,69,350.0,0.003347,True,**
exif_v0.6.22,exif-0.6.22.pt_BR.llama.ctx-0.po.meta,exif-0.6.22.pt_BR.llama.ctx-1.vi.po.meta,ctx-1,69,262.0,0.046667,True,*
exif_v0.6.22,exif-0.6.22.pt_BR.llama.ctx-0.po.meta,exif-0.6.22.pt_BR.llama.ctx-1.zh_CN.po.meta,ctx-1,69,439.5,0.269823,False,ns
exif_v0.6.22,exif-0.6.22.pt_BR.llama.ctx-0.po.meta,exif-0.6.22.pt_BR.llama.ctx-2.de-es.po.meta,ctx-2,69,376.0,0.004365,True,**
exif_v0.6.22,exif-0.6.22.pt_BR.llama.ctx-0.po.meta,exif-0.6.22.pt_BR.llama.ctx-2.de-fr.po.meta,ctx-2,69,355.5,0.001437,True,**
exif_v0.6.22,exif-0.6.22.pt_BR.llama.ctx-0.po.meta,exif-0.6.22.pt_BR.llama.ctx-2.de-id.po.meta,ctx-2,69,361.0,0.0199,True,*
exif_v0.6.22,exif-0.6.22.pt_BR.llama.ctx-0.po.meta,exif-0.6.22.pt_BR.llama.ctx-2.de-ru.po.meta,ctx-2,69,319.0,0.005797,True,**
exif_v0.6.22,exif-0.6.22.pt_BR.llama.ctx-0.po.meta,exif-0.6.22.pt_BR.llama.ctx-2.de-vi.po.meta,ctx-2,69,284.0,0.013801,True,*
exif_v0.6.22,exif-0.6.22.pt_BR.llama.ctx-0.po.meta,exif-0.6.22.pt_BR.llama.ctx-2.de-zh_CN.po.meta,ctx-2,69,351.0,0.003449,True,**
exif_v0.6.22,exif-0.6.22.pt_BR.llama.ctx-0.po.meta,exif-0.6.22.pt_BR.llama.ctx-2.es-fr.po.meta,ctx-2,69,294.0,0.00019,True,***
exif_v0.6.22,exif-0.6.22.pt_BR.llama.ctx-0.po.meta,exif-0.6.22.pt_BR.llama.ctx-2.es-id.po.meta,ctx-2,69,305.0,0.001329,True,**
exif_v0.6.22,exif-0.6.22.pt_BR.llama.ctx-0.po.meta,exif-0.6.22.pt_BR.llama.ctx-2.es-ru.po.meta,ctx-2,69,222.0,0.000103,True,***
exif_v0.6.22,exif-0.6.22.pt_BR.llama.ctx-0.po.meta,exif-0.6.22.pt_BR.llama.ctx-2.es-vi.po.meta,ctx-2,69,245.0,0.005903,True,**
exif_v0.6.22,exif-0.6.22.pt_BR.llama.ctx-0.po.meta,exif-0.6.22.pt_BR.llama.ctx-2.es-zh_CN.po.meta,ctx-2,69,215.0,1.6e-05,True,***
exif_v0.6.22,exif-0.6.22.pt_BR.llama.ctx-0.po.meta,exif-0.6.22.pt_BR.llama.ctx-2.fr-id.po.meta,ctx-2,69,367.0,0.009022,True,**
exif_v0.6.22,exif-0.6.22.pt_BR.llama.ctx-0.po.meta,exif-0.6.22.pt_BR.llama.ctx-2.fr-ru.po.meta,ctx-2,69,305.0,0.001328,True,**
exif_v0.6.22,exif-0.6.22.pt_BR.llama.ctx-0.po.meta,exif-0.6.22.pt_BR.llama.ctx-2.fr-vi.po.meta,ctx-2,69,262.0,0.006544,True,**
exif_v0.6.22,exif-0.6.22.pt_BR.llama.ctx-0.po.meta,exif-0.6.22.pt_BR.llama.ctx-2.fr-zh_CN.po.meta,ctx-2,69,310.0,0.00157,True,**
exif_v0.6.22,exif-0.6.22.pt_BR.llama.ctx-0.po.meta,exif-0.6.22.pt_BR.llama.ctx-2.id-ru.po.meta,ctx-2,69,675.5,0.902151,False,ns
exif_v0.6.22,exif-0.6.22.pt_BR.llama.ctx-0.po.meta,exif-0.6.22.pt_BR.llama.ctx-2.id-vi.po.meta,ctx-2,69,376.0,0.647668,False,ns
exif_v0.6.22,exif-0.6.22.pt_BR.llama.ctx-0.po.meta,exif-0.6.22.pt_BR.llama.ctx-2.id-zh_CN.po.meta,ctx-2,69,611.5,0.357209,False,ns
exif_v0.6.22,exif-0.6.22.pt_BR.llama.ctx-0.po.meta,exif-0.6.22.pt_BR.llama.ctx-2.ru-vi.po.meta,ctx-2,69,420.0,0.271099,False,ns
exif_v0.6.22,exif-0.6.22.pt_BR.llama.ctx-0.po.meta,exif-0.6.22.pt_BR.llama.ctx-2.ru-zh_CN.po.meta,ctx-2,69,308.5,0.002495,True,**
exif_v0.6.22,exif-0.6.22.pt_BR.llama.ctx-0.po.meta,exif-0.6.22.pt_BR.llama.ctx-2.vi-zh_CN.po.meta,ctx-2,69,193.0,0.001228,True,**
gst-plugins-bad_v1.27.90,gst-plugins-bad-1.27.90.pt_BR.llama.ctx-0.po.meta,gst-plugins-bad-1.27.90.pt_BR.llama.ctx-1.de.po.meta,ctx-1,28,57.0,0.214537,False,ns
gst-plugins-bad_v1.27.90,gst-plugins-bad-1.27.90.pt_BR.llama.ctx-0.po.meta,gst-plugins-bad-1.27.90.pt_BR.llama.ctx-1.es.po.meta,ctx-1,28,129.0,0.367385,False,ns
gst-plugins-bad_v1.27.90,gst-plugins-bad-1.27.90.pt_BR.llama.ctx-0.po.meta,gst-plugins-bad-1.27.90.pt_BR.llama.ctx-1.fr.po.meta,ctx-1,28,103.0,0.287092,False,ns
gst-plugins-bad_v1.27.90,gst-plugins-bad-1.27.90.pt_BR.llama.ctx-0.po.meta,gst-plugins-bad-1.27.90.pt_BR.llama.ctx-1.id.po.meta,ctx-1,28,75.0,0.094528,False,ns
gst-plugins-bad_v1.27.90,gst-plugins-bad-1.27.90.pt_BR.llama.ctx-0.po.meta,gst-plugins-bad-1.27.90.pt_BR.llama.ctx-1.ru.po.meta,ctx-1,28,93.0,0.434187,False,ns
gst-plugins-bad_v1.27.90,gst-plugins-bad-1.27.90.pt_BR.llama.ctx-0.po.meta,gst-plugins-bad-1.27.90.pt_BR.llama.ctx-1.vi.po.meta,ctx-1,28,79.0,0.331723,False,ns
gst-plugins-bad_v1.27.90,gst-plugins-bad-1.27.90.pt_BR.llama.ctx-0.po.meta,gst-plugins-bad-1.27.90.pt_BR.llama.ctx-1.zh_CN.po.meta,ctx-1,28,60.0,0.679116,False,ns
gst-plugins-bad_v1.27.90,gst-plugins-bad-1.27.90.pt_BR.llama.ctx-0.po.meta,gst-plugins-bad-1.27.90.pt_BR.llama.ctx-2.de-es.po.meta,ctx-2,28,111.0,0.265157,False,ns
gst-plugins-bad_v1.27.90,gst-plugins-bad-1.27.90.pt_BR.llama.ctx-0.po.meta,gst-plugins-bad-1.27.90.pt_BR.llama.ctx-2.de-fr.po.meta,ctx-2,28,80.0,0.131132,False,ns
gst-plugins-bad_v1.27.90,gst-plugins-bad-1.27.90.pt_BR.llama.ctx-0.po.meta,gst-plugins-bad-1.27.90.pt_BR.llama.ctx-2.de-id.po.meta,ctx-2,28,75.0,0.42091,False,ns
gst-plugins-bad_v1.27.90,gst-plugins-bad-1.27.90.pt_BR.llama.ctx-0.po.meta,gst-plugins-bad-1.27.90.pt_BR.llama.ctx-2.de-ru.po.meta,ctx-2,28,68.0,0.277241,False,ns
gst-plugins-bad_v1.27.90,gst-plugins-bad-1.27.90.pt_BR.llama.ctx-0.po.meta,gst-plugins-bad-1.27.90.pt_BR.llama.ctx-2.de-vi.po.meta,ctx-2,28,32.0,0.019809,True,*
gst-plugins-bad_v1.27.90,gst-plugins-bad-1.27.90.pt_BR.llama.ctx-0.po.meta,gst-plugins-bad-1.27.90.pt_BR.llama.ctx-2.de-zh_CN.po.meta,ctx-2,28,88.0,0.778177,False,ns
gst-plugins-bad_v1.27.90,gst-plugins-bad-1.27.90.pt_BR.llama.ctx-0.po.meta,gst-plugins-bad-1.27.90.pt_BR.llama.ctx-2.es-fr.po.meta,ctx-2,28,146.0,0.657069,False,ns
gst-plugins-bad_v1.27.90,gst-plugins-bad-1.27.90.pt_BR.llama.ctx-0.po.meta,gst-plugins-bad-1.27.90.pt_BR.llama.ctx-2.es-id.po.meta,ctx-2,28,104.0,0.465099,False,ns
gst-plugins-bad_v1.27.90,gst-plugins-bad-1.27.90.pt_BR.llama.ctx-0.po.meta,gst-plugins-bad-1.27.90.pt_BR.llama.ctx-2.es-ru.po.meta,ctx-2,28,107.0,0.526681,False,ns
gst-plugins-bad_v1.27.90,gst-plugins-bad-1.27.90.pt_BR.llama.ctx-0.po.meta,gst-plugins-bad-1.27.90.pt_BR.llama.ctx-2.es-vi.po.meta,ctx-2,28,72.0,0.130545,False,ns
gst-plugins-bad_v1.27.90,gst-plugins-bad-1.27.90.pt_BR.llama.ctx-0.po.meta,gst-plugins-bad-1.27.90.pt_BR.llama.ctx-2.es-zh_CN.po.meta,ctx-2,28,84.0,0.273575,False,ns
gst-plugins-bad_v1.27.90,gst-plugins-bad-1.27.90.pt_BR.llama.ctx-0.po.meta,gst-plugins-bad-1.27.90.pt_BR.llama.ctx-2.fr-id.po.meta,ctx-2,28,98.0,0.354825,False,ns
gst-plugins-bad_v1.27.90,gst-plugins-bad-1.27.90.pt_BR.llama.ctx-0.po.meta,gst-plugins-bad-1.27.90.pt_BR.llama.ctx-2.fr-ru.po.meta,ctx-2,28,86.0,0.717218,False,ns
gst-plugins-bad_v1.27.90,gst-plugins-bad-1.27.90.pt_BR.llama.ctx-0.po.meta,gst-plugins-bad-1.27.90.pt_BR.llama.ctx-2.fr-vi.po.meta,ctx-2,28,113.0,0.930756,False,ns
gst-plugins-bad_v1.27.90,gst-plugins-bad-1.27.90.pt_BR.llama.ctx-0.po.meta,gst-plugins-bad-1.27.90.pt_BR.llama.ctx-2.fr-zh_CN.po.meta,ctx-2,28,114.0,0.684874,False,ns
gst-plugins-bad_v1.27.90,gst-plugins-bad-1.27.90.pt_BR.llama.ctx-0.po.meta,gst-plugins-bad-1.27.90.pt_BR.llama.ctx-2.id-ru.po.meta,ctx-2,28,56.0,0.82028,False,ns
gst-plugins-bad_v1.27.90,gst-plugins-bad-1.27.90.pt_BR.llama.ctx-0.po.meta,gst-plugins-bad-1.27.90.pt_BR.llama.ctx-2.id-vi.po.meta,ctx-2,28,95.0,1.0,False,ns
gst-plugins-bad_v1.27.90,gst-plugins-bad-1.27.90.pt_BR.llama.ctx-0.po.meta,gst-plugins-bad-1.27.90.pt_BR.llama.ctx-2.id-zh_CN.po.meta,ctx-2,28,35.0,0.155635,False,ns
gst-plugins-bad_v1.27.90,gst-plugins-bad-1.27.90.pt_BR.llama.ctx-0.po.meta,gst-plugins-bad-1.27.90.pt_BR.llama.ctx-2.ru-vi.po.meta,ctx-2,28,78.0,0.74395,False,ns
gst-plugins-bad_v1.27.90,gst-plugins-bad-1.27.90.pt_BR.llama.ctx-0.po.meta,gst-plugins-bad-1.27.90.pt_BR.llama.ctx-2.ru-zh_CN.po.meta,ctx-2,28,43.0,0.112779,False,ns
gst-plugins-bad_v1.27.90,gst-plugins-bad-1.27.90.pt_BR.llama.ctx-0.po.meta,gst-plugins-bad-1.27.90.pt_BR.llama.ctx-2.vi-zh_CN.po.meta,ctx-2,28,58.0,0.136498,False,ns
gst-plugins-ugly_v1.27.90,gst-plugins-ugly-1.27.90.pt_BR.llama.ctx-0.po.meta,gst-plugins-ugly-1.27.90.pt_BR.llama.ctx-1.de.po.meta,ctx-1,10,17.0,0.945312,False,ns
gst-plugins-ugly_v1.27.90,gst-plugins-ugly-1.27.90.pt_BR.llama.ctx-0.po.meta,gst-plugins-ugly-1.27.90.pt_BR.llama.ctx-1.es.po.meta,ctx-1,10,3.0,0.078125,False,ns
gst-plugins-ugly_v1.27.90,gst-plugins-ugly-1.27.90.pt_BR.llama.ctx-0.po.meta,gst-plugins-ugly-1.27.90.pt_BR.llama.ctx-1.fr.po.meta,ctx-1,10,4.0,0.21875,False,ns
gst-plugins-ugly_v1.27.90,gst-plugins-ugly-1.27.90.pt_BR.llama.ctx-0.po.meta,gst-plugins-ugly-1.27.90.pt_BR.llama.ctx-1.id.po.meta,ctx-1,10,3.0,0.078125,False,ns
gst-plugins-ugly_v1.27.90,gst-plugins-ugly-1.27.90.pt_BR.llama.ctx-0.po.meta,gst-plugins-ugly-1.27.90.pt_BR.llama.ctx-1.ru.po.meta,ctx-1,10,10.0,1.0,False,ns
gst-plugins-ugly_v1.27.90,gst-plugins-ugly-1.27.90.pt_BR.llama.ctx-0.po.meta,gst-plugins-ugly-1.27.90.pt_BR.llama.ctx-1.vi.po.meta,ctx-1,10,14.0,0.640625,False,ns
gst-plugins-ugly_v1.27.90,gst-plugins-ugly-1.27.90.pt_BR.llama.ctx-0.po.meta,gst-plugins-ugly-1.27.90.pt_BR.llama.ctx-1.zh_CN.po.meta,ctx-1,10,13.0,0.9375,False,ns
gst-plugins-ugly_v1.27.90,gst-plugins-ugly-1.27.90.pt_BR.llama.ctx-0.po.meta,gst-plugins-ugly-1.27.90.pt_BR.llama.ctx-2.de-es.po.meta,ctx-2,10,5.0,0.15625,False,ns
gst-plugins-ugly_v1.27.90,gst-plugins-ugly-1.27.90.pt_BR.llama.ctx-0.po.meta,gst-plugins-ugly-1.27.90.pt_BR.llama.ctx-2.de-fr.po.meta,ctx-2,10,13.0,0.546875,False,ns
gst-plugins-ugly_v1.27.90,gst-plugins-ugly-1.27.90.pt_BR.llama.ctx-0.po.meta,gst-plugins-ugly-1.27.90.pt_BR.llama.ctx-2.de-id.po.meta,ctx-2,10,5.0,0.15625,False,ns
gst-plugins-ugly_v1.27.90,gst-plugins-ugly-1.27.90.pt_BR.llama.ctx-0.po.meta,gst-plugins-ugly-1.27.90.pt_BR.llama.ctx-2.de-ru.po.meta,ctx-2,10,13.0,0.9375,False,ns
gst-plugins-ugly_v1.27.90,gst-plugins-ugly-1.27.90.pt_BR.llama.ctx-0.po.meta,gst-plugins-ugly-1.27.90.pt_BR.llama.ctx-2.de-vi.po.meta,ctx-2,10,8.0,0.375,False,ns
gst-plugins-ugly_v1.27.90,gst-plugins-ugly-1.27.90.pt_BR.llama.ctx-0.po.meta,gst-plugins-ugly-1.27.90.pt_BR.llama.ctx-2.de-zh_CN.po.meta,ctx-2,10,8.0,0.375,False,ns
gst-plugins-ugly_v1.27.90,gst-plugins-ugly-1.27.90.pt_BR.llama.ctx-0.po.meta,gst-plugins-ugly-1.27.90.pt_BR.llama.ctx-2.es-fr.po.meta,ctx-2,10,3.0,0.078125,False,ns
gst-plugins-ugly_v1.27.90,gst-plugins-ugly-1.27.90.pt_BR.llama.ctx-0.po.meta,gst-plugins-ugly-1.27.90.pt_BR.llama.ctx-2.es-id.po.meta,ctx-2,10,10.0,0.578125,False,ns
gst-plugins-ugly_v1.27.90,gst-plugins-ugly-1.27.90.pt_BR.llama.ctx-0.po.meta,gst-plugins-ugly-1.27.90.pt_BR.llama.ctx-2.es-ru.po.meta,ctx-2,10,12.0,0.460938,False,ns
gst-plugins-ugly_v1.27.90,gst-plugins-ugly-1.27.90.pt_BR.llama.ctx-0.po.meta,gst-plugins-ugly-1.27.90.pt_BR.llama.ctx-2.es-vi.po.meta,ctx-2,10,13.0,0.9375,False,ns
gst-plugins-ugly_v1.27.90,gst-plugins-ugly-1.27.90.pt_BR.llama.ctx-0.po.meta,gst-plugins-ugly-1.27.90.pt_BR.llama.ctx-2.es-zh_CN.po.meta,ctx-2,10,10.0,0.578125,False,ns
gst-plugins-ugly_v1.27.90,gst-plugins-ugly-1.27.90.pt_BR.llama.ctx-0.po.meta,gst-plugins-ugly-1.27.90.pt_BR.llama.ctx-2.fr-id.po.meta,ctx-2,10,7.0,0.296875,False,ns
gst-plugins-ugly_v1.27.90,gst-plugins-ugly-1.27.90.pt_BR.llama.ctx-0.po.meta,gst-plugins-ugly-1.27.90.pt_BR.llama.ctx-2.fr-ru.po.meta,ctx-2,10,5.0,0.15625,False,ns
gst-plugins-ugly_v1.27.90,gst-plugins-ugly-1.27.90.pt_BR.llama.ctx-0.po.meta,gst-plugins-ugly-1.27.90.pt_BR.llama.ctx-2.fr-vi.po.meta,ctx-2,10,11.0,0.382812,False,ns
gst-plugins-ugly_v1.27.90,gst-plugins-ugly-1.27.90.pt_BR.llama.ctx-0.po.meta,gst-plugins-ugly-1.27.90.pt_BR.llama.ctx-2.fr-zh_CN.po.meta,ctx-2,10,14.0,1.0,False,ns
gst-plugins-ugly_v1.27.90,gst-plugins-ugly-1.27.90.pt_BR.llama.ctx-0.po.meta,gst-plugins-ugly-1.27.90.pt_BR.llama.ctx-2.id-ru.po.meta,ctx-2,10,6.0,0.4375,False,ns
gst-plugins-ugly_v1.27.90,gst-plugins-ugly-1.27.90.pt_BR.llama.ctx-0.po.meta,gst-plugins-ugly-1.27.90.pt_BR.llama.ctx-2.id-vi.po.meta,ctx-2,10,12.0,0.460938,False,ns
gst-plugins-ugly_v1.27.90,gst-plugins-ugly-1.27.90.pt_BR.llama.ctx-0.po.meta,gst-plugins-ugly-1.27.90.pt_BR.llama.ctx-2.id-zh_CN.po.meta,ctx-2,10,5.0,0.15625,False,ns
gst-plugins-ugly_v1.27.90,gst-plugins-ugly-1.27.90.pt_BR.llama.ctx-0.po.meta,gst-plugins-ugly-1.27.90.pt_BR.llama.ctx-2.ru-vi.po.meta,ctx-2,10,10.0,0.578125,False,ns
gst-plugins-ugly_v1.27.90,gst-plugins-ugly-1.27.90.pt_BR.llama.ctx-0.po.meta,gst-plugins-ugly-1.27.90.pt_BR.llama.ctx-2.ru-zh_CN.po.meta,ctx-2,10,5.0,1.0,False,ns
gst-plugins-ugly_v1.27.90,gst-plugins-ugly-1.27.90.pt_BR.llama.ctx-0.po.meta,gst-plugins-ugly-1.27.90.pt_BR.llama.ctx-2.vi-zh_CN.po.meta,ctx-2,10,7.0,0.296875,False,ns
gstreamer_v1.27.90,gstreamer-1.27.90.pt_BR.llama.ctx-0.po.meta,gstreamer-1.27.90.pt_BR.llama.ctx-1.de.po.meta,ctx-1,377,6679.5,0.995373,False,ns
gstreamer_v1.27.90,gstreamer-1.27.90.pt_BR.llama.ctx-0.po.meta,gstreamer-1.27.90.pt_BR.llama.ctx-1.es.po.meta,ctx-1,377,9613.5,0.0,True,***
gstreamer_v1.27.90,gstreamer-1.27.90.pt_BR.llama.ctx-0.po.meta,gstreamer-1.27.90.pt_BR.llama.ctx-1.fr.po.meta,ctx-1,377,8765.5,0.0,True,***
gstreamer_v1.27.90,gstreamer-1.27.90.pt_BR.llama.ctx-0.po.meta,gstreamer-1.27.90.pt_BR.llama.ctx-1.id.po.meta,ctx-1,377,9791.0,0.027932,True,*
gstreamer_v1.27.90,gstreamer-1.27.90.pt_BR.llama.ctx-0.po.meta,gstreamer-1.27.90.pt_BR.llama.ctx-1.ru.po.meta,ctx-1,377,11517.0,0.000135,True,***
gstreamer_v1.27.90,gstreamer-1.27.90.pt_BR.llama.ctx-0.po.meta,gstreamer-1.27.90.pt_BR.llama.ctx-1.vi.po.meta,ctx-1,377,11401.5,0.018209,True,*
gstreamer_v1.27.90,gstreamer-1.27.90.pt_BR.llama.ctx-0.po.meta,gstreamer-1.27.90.pt_BR.llama.ctx-1.zh_CN.po.meta,ctx-1,377,6683.5,0.000817,True,***
gstreamer_v1.27.90,gstreamer-1.27.90.pt_BR.llama.ctx-0.po.meta,gstreamer-1.27.90.pt_BR.llama.ctx-2.de-es.po.meta,ctx-2,377,8688.5,1.2e-05,True,***
gstreamer_v1.27.90,gstreamer-1.27.90.pt_BR.llama.ctx-0.po.meta,gstreamer-1.27.90.pt_BR.llama.ctx-2.de-fr.po.meta,ctx-2,377,6558.0,0.0,True,***
gstreamer_v1.27.90,gstreamer-1.27.90.pt_BR.llama.ctx-0.po.meta,gstreamer-1.27.90.pt_BR.llama.ctx-2.de-id.po.meta,ctx-2,377,7037.0,0.00997,True,**
gstreamer_v1.27.90,gstreamer-1.27.90.pt_BR.llama.ctx-0.po.meta,gstreamer-1.27.90.pt_BR.llama.ctx-2.de-ru.po.meta,ctx-2,377,9786.5,0.175456,False,ns
gstreamer_v1.27.90,gstreamer-1.27.90.pt_BR.llama.ctx-0.po.meta,gstreamer-1.27.90.pt_BR.llama.ctx-2.de-vi.po.meta,ctx-2,377,8192.5,0.009934,True,**
gstreamer_v1.27.90,gstreamer-1.27.90.pt_BR.llama.ctx-0.po.meta,gstreamer-1.27.90.pt_BR.llama.ctx-2.de-zh_CN.po.meta,ctx-2,377,7366.0,0.32097,False,ns
gstreamer_v1.27.90,gstreamer-1.27.90.pt_BR.llama.ctx-0.po.meta,gstreamer-1.27.90.pt_BR.llama.ctx-2.es-fr.po.meta,ctx-2,377,9018.5,0.0,True,***
gstreamer_v1.27.90,gstreamer-1.27.90.pt_BR.llama.ctx-0.po.meta,gstreamer-1.27.90.pt_BR.llama.ctx-2.es-id.po.meta,ctx-2,377,7505.5,0.0,True,***
gstreamer_v1.27.90,gstreamer-1.27.90.pt_BR.llama.ctx-0.po.meta,gstreamer-1.27.90.pt_BR.llama.ctx-2.es-ru.po.meta,ctx-2,377,10751.5,0.0,True,***
gstreamer_v1.27.90,gstreamer-1.27.90.pt_BR.llama.ctx-0.po.meta,gstreamer-1.27.90.pt_BR.llama.ctx-2.es-vi.po.meta,ctx-2,377,9443.5,0.0,True,***
gstreamer_v1.27.90,gstreamer-1.27.90.pt_BR.llama.ctx-0.po.meta,gstreamer-1.27.90.pt_BR.llama.ctx-2.es-zh_CN.po.meta,ctx-2,377,9731.5,1e-06,True,***
gstreamer_v1.27.90,gstreamer-1.27.90.pt_BR.llama.ctx-0.po.meta,gstreamer-1.27.90.pt_BR.llama.ctx-2.fr-id.po.meta,ctx-2,377,7352.0,0.0,True,***
gstreamer_v1.27.90,gstreamer-1.27.90.pt_BR.llama.ctx-0.po.meta,gstreamer-1.27.90.pt_BR.llama.ctx-2.fr-ru.po.meta,ctx-2,377,7763.5,0.0,True,***
gstreamer_v1.27.90,gstreamer-1.27.90.pt_BR.llama.ctx-0.po.meta,gstreamer-1.27.90.pt_BR.llama.ctx-2.fr-vi.po.meta,ctx-2,377,8695.0,0.0,True,***
gstreamer_v1.27.90,gstreamer-1.27.90.pt_BR.llama.ctx-0.po.meta,gstreamer-1.27.90.pt_BR.llama.ctx-2.fr-zh_CN.po.meta,ctx-2,377,6626.5,0.0,True,***
gstreamer_v1.27.90,gstreamer-1.27.90.pt_BR.llama.ctx-0.po.meta,gstreamer-1.27.90.pt_BR.llama.ctx-2.id-ru.po.meta,ctx-2,377,8846.0,0.0,True,***
gstreamer_v1.27.90,gstreamer-1.27.90.pt_BR.llama.ctx-0.po.meta,gstreamer-1.27.90.pt_BR.llama.ctx-2.id-vi.po.meta,ctx-2,377,10597.0,0.007853,True,**
gstreamer_v1.27.90,gstreamer-1.27.90.pt_BR.llama.ctx-0.po.meta,gstreamer-1.27.90.pt_BR.llama.ctx-2.id-zh_CN.po.meta,ctx-2,377,8416.0,0.003494,True,**
gstreamer_v1.27.90,gstreamer-1.27.90.pt_BR.llama.ctx-0.po.meta,gstreamer-1.27.90.pt_BR.llama.ctx-2.ru-vi.po.meta,ctx-2,377,9706.0,7e-06,True,***
gstreamer_v1.27.90,gstreamer-1.27.90.pt_BR.llama.ctx-0.po.meta,gstreamer-1.27.90.pt_BR.llama.ctx-2.ru-zh_CN.po.meta,ctx-2,377,9265.5,0.000595,True,***
gstreamer_v1.27.90,gstreamer-1.27.90.pt_BR.llama.ctx-0.po.meta,gstreamer-1.27.90.pt_BR.llama.ctx-2.vi-zh_CN.po.meta,ctx-2,377,9239.5,0.007034,True,**
gtkspell_v3.0.7,gtkspell-3.0.7.pt_BR.llama.ctx-0.po.meta,gtkspell-3.0.7.pt_BR.llama.ctx-1.de.po.meta,ctx-1,7,3.0,0.625,False,ns
gtkspell_v3.0.7,gtkspell-3.0.7.pt_BR.llama.ctx-0.po.meta,gtkspell-3.0.7.pt_BR.llama.ctx-1.es.po.meta,ctx-1,7,3.0,0.3125,False,ns
gtkspell_v3.0.7,gtkspell-3.0.7.pt_BR.llama.ctx-0.po.meta,gtkspell-3.0.7.pt_BR.llama.ctx-1.fr.po.meta,ctx-1,7,3.0,0.3125,False,ns
gtkspell_v3.0.7,gtkspell-3.0.7.pt_BR.llama.ctx-0.po.meta,gtkspell-3.0.7.pt_BR.llama.ctx-1.id.po.meta,ctx-1,7,5.0,0.625,False,ns
gtkspell_v3.0.7,gtkspell-3.0.7.pt_BR.llama.ctx-0.po.meta,gtkspell-3.0.7.pt_BR.llama.ctx-1.ru.po.meta,ctx-1,7,1.0,0.125,False,ns
gtkspell_v3.0.7,gtkspell-3.0.7.pt_BR.llama.ctx-0.po.meta,gtkspell-3.0.7.pt_BR.llama.ctx-1.vi.po.meta,ctx-1,7,5.0,1.0,False,ns
gtkspell_v3.0.7,gtkspell-3.0.7.pt_BR.llama.ctx-0.po.meta,gtkspell-3.0.7.pt_BR.llama.ctx-1.zh_CN.po.meta,ctx-1,7,3.0,0.625,False,ns
gtkspell_v3.0.7,gtkspell-3.0.7.pt_BR.llama.ctx-0.po.meta,gtkspell-3.0.7.pt_BR.llama.ctx-2.de-es.po.meta,ctx-2,7,6.0,0.4375,False,ns
gtkspell_v3.0.7,gtkspell-3.0.7.pt_BR.llama.ctx-0.po.meta,gtkspell-3.0.7.pt_BR.llama.ctx-2.de-fr.po.meta,ctx-2,7,3.0,0.3125,False,ns
gtkspell_v3.0.7,gtkspell-3.0.7.pt_BR.llama.ctx-0.po.meta,gtkspell-3.0.7.pt_BR.llama.ctx-2.de-id.po.meta,ctx-2,7,2.0,0.375,False,ns
gtkspell_v3.0.7,gtkspell-3.0.7.pt_BR.llama.ctx-0.po.meta,gtkspell-3.0.7.pt_BR.llama.ctx-2.de-ru.po.meta,ctx-2,7,1.0,0.5,False,ns
gtkspell_v3.0.7,gtkspell-3.0.7.pt_BR.llama.ctx-0.po.meta,gtkspell-3.0.7.pt_BR.llama.ctx-2.de-vi.po.meta,ctx-2,7,6.0,0.8125,False,ns
gtkspell_v3.0.7,gtkspell-3.0.7.pt_BR.llama.ctx-0.po.meta,gtkspell-3.0.7.pt_BR.llama.ctx-2.de-zh_CN.po.meta,ctx-2,7,2.0,0.375,False,ns
gtkspell_v3.0.7,gtkspell-3.0.7.pt_BR.llama.ctx-0.po.meta,gtkspell-3.0.7.pt_BR.llama.ctx-2.es-fr.po.meta,ctx-2,7,6.0,0.4375,False,ns
gtkspell_v3.0.7,gtkspell-3.0.7.pt_BR.llama.ctx-0.po.meta,gtkspell-3.0.7.pt_BR.llama.ctx-2.es-id.po.meta,ctx-2,7,7.0,1.0,False,ns
gtkspell_v3.0.7,gtkspell-3.0.7.pt_BR.llama.ctx-0.po.meta,gtkspell-3.0.7.pt_BR.llama.ctx-2.es-ru.po.meta,ctx-2,7,9.0,0.84375,False,ns
gtkspell_v3.0.7,gtkspell-3.0.7.pt_BR.llama.ctx-0.po.meta,gtkspell-3.0.7.pt_BR.llama.ctx-2.es-vi.po.meta,ctx-2,7,7.0,0.5625,False,ns
gtkspell_v3.0.7,gtkspell-3.0.7.pt_BR.llama.ctx-0.po.meta,gtkspell-3.0.7.pt_BR.llama.ctx-2.es-zh_CN.po.meta,ctx-2,7,4.0,0.875,False,ns
gtkspell_v3.0.7,gtkspell-3.0.7.pt_BR.llama.ctx-0.po.meta,gtkspell-3.0.7.pt_BR.llama.ctx-2.fr-id.po.meta,ctx-2,7,6.0,0.8125,False,ns
gtkspell_v3.0.7,gtkspell-3.0.7.pt_BR.llama.ctx-0.po.meta,gtkspell-3.0.7.pt_BR.llama.ctx-2.fr-ru.po.meta,ctx-2,7,3.0,0.625,False,ns
gtkspell_v3.0.7,gtkspell-3.0.7.pt_BR.llama.ctx-0.po.meta,gtkspell-3.0.7.pt_BR.llama.ctx-2.fr-vi.po.meta,ctx-2,7,6.0,0.8125,False,ns
gtkspell_v3.0.7,gtkspell-3.0.7.pt_BR.llama.ctx-0.po.meta,gtkspell-3.0.7.pt_BR.llama.ctx-2.fr-zh_CN.po.meta,ctx-2,7,6.0,0.8125,False,ns
gtkspell_v3.0.7,gtkspell-3.0.7.pt_BR.llama.ctx-0.po.meta,gtkspell-3.0.7.pt_BR.llama.ctx-2.id-ru.po.meta,ctx-2,7,6.0,0.8125,False,ns
gtkspell_v3.0.7,gtkspell-3.0.7.pt_BR.llama.ctx-0.po.meta,gtkspell-3.0.7.pt_BR.llama.ctx-2.id-vi.po.meta,ctx-2,7,6.0,0.8125,False,ns
gtkspell_v3.0.7,gtkspell-3.0.7.pt_BR.llama.ctx-0.po.meta,gtkspell-3.0.7.pt_BR.llama.ctx-2.id-zh_CN.po.meta,ctx-2,7,6.0,0.8125,False,ns
gtkspell_v3.0.7,gtkspell-3.0.7.pt_BR.llama.ctx-0.po.meta,gtkspell-3.0.7.pt_BR.llama.ctx-2.ru-vi.po.meta,ctx-2,7,2.0,0.1875,False,ns
gtkspell_v3.0.7,gtkspell-3.0.7.pt_BR.llama.ctx-0.po.meta,gtkspell-3.0.7.pt_BR.llama.ctx-2.ru-zh_CN.po.meta,ctx-2,7,6.0,0.8125,False,ns
gtkspell_v3.0.7,gtkspell-3.0.7.pt_BR.llama.ctx-0.po.meta,gtkspell-3.0.7.pt_BR.llama.ctx-2.vi-zh_CN.po.meta,ctx-2,7,4.0,0.875,False,ns
libiconv_v1.17-pre1,libiconv-1.17-pre1.pt_BR.llama.ctx-0.po.meta,libiconv-1.17-pre1.pt_BR.llama.ctx-1.de.po.meta,ctx-1,44,238.0,0.207239,False,ns
libiconv_v1.17-pre1,libiconv-1.17-pre1.pt_BR.llama.ctx-0.po.meta,libiconv-1.17-pre1.pt_BR.llama.ctx-1.es.po.meta,ctx-1,44,67.0,8.1e-05,True,***
libiconv_v1.17-pre1,libiconv-1.17-pre1.pt_BR.llama.ctx-0.po.meta,libiconv-1.17-pre1.pt_BR.llama.ctx-1.fr.po.meta,ctx-1,44,123.0,0.000566,True,***
libiconv_v1.17-pre1,libiconv-1.17-pre1.pt_BR.llama.ctx-0.po.meta,libiconv-1.17-pre1.pt_BR.llama.ctx-1.id.po.meta,ctx-1,44,269.0,0.626081,False,ns
libiconv_v1.17-pre1,libiconv-1.17-pre1.pt_BR.llama.ctx-0.po.meta,libiconv-1.17-pre1.pt_BR.llama.ctx-1.ru.po.meta,ctx-1,44,257.0,0.153968,False,ns
libiconv_v1.17-pre1,libiconv-1.17-pre1.pt_BR.llama.ctx-0.po.meta,libiconv-1.17-pre1.pt_BR.llama.ctx-1.vi.po.meta,ctx-1,44,312.0,0.96081,False,ns
libiconv_v1.17-pre1,libiconv-1.17-pre1.pt_BR.llama.ctx-0.po.meta,libiconv-1.17-pre1.pt_BR.llama.ctx-1.zh_CN.po.meta,ctx-1,44,156.0,0.620416,False,ns
libiconv_v1.17-pre1,libiconv-1.17-pre1.pt_BR.llama.ctx-0.po.meta,libiconv-1.17-pre1.pt_BR.llama.ctx-2.de-es.po.meta,ctx-2,44,86.0,0.000176,True,***
libiconv_v1.17-pre1,libiconv-1.17-pre1.pt_BR.llama.ctx-0.po.meta,libiconv-1.17-pre1.pt_BR.llama.ctx-2.de-fr.po.meta,ctx-2,44,148.0,0.001252,True,**
libiconv_v1.17-pre1,libiconv-1.17-pre1.pt_BR.llama.ctx-0.po.meta,libiconv-1.17-pre1.pt_BR.llama.ctx-2.de-id.po.meta,ctx-2,44,195.0,0.079706,False,ns
libiconv_v1.17-pre1,libiconv-1.17-pre1.pt_BR.llama.ctx-0.po.meta,libiconv-1.17-pre1.pt_BR.llama.ctx-2.de-ru.po.meta,ctx-2,44,295.0,0.550506,False,ns
libiconv_v1.17-pre1,libiconv-1.17-pre1.pt_BR.llama.ctx-0.po.meta,libiconv-1.17-pre1.pt_BR.llama.ctx-2.de-vi.po.meta,ctx-2,44,300.0,0.805924,False,ns
libiconv_v1.17-pre1,libiconv-1.17-pre1.pt_BR.llama.ctx-0.po.meta,libiconv-1.17-pre1.pt_BR.llama.ctx-2.de-zh_CN.po.meta,ctx-2,44,211.0,0.321664,False,ns
libiconv_v1.17-pre1,libiconv-1.17-pre1.pt_BR.llama.ctx-0.po.meta,libiconv-1.17-pre1.pt_BR.llama.ctx-2.es-fr.po.meta,ctx-2,44,126.0,0.000391,True,***
libiconv_v1.17-pre1,libiconv-1.17-pre1.pt_BR.llama.ctx-0.po.meta,libiconv-1.17-pre1.pt_BR.llama.ctx-2.es-id.po.meta,ctx-2,44,82.0,0.000229,True,***
libiconv_v1.17-pre1,libiconv-1.17-pre1.pt_BR.llama.ctx-0.po.meta,libiconv-1.17-pre1.pt_BR.llama.ctx-2.es-ru.po.meta,ctx-2,44,172.0,0.003993,True,**
libiconv_v1.17-pre1,libiconv-1.17-pre1.pt_BR.llama.ctx-0.po.meta,libiconv-1.17-pre1.pt_BR.llama.ctx-2.es-vi.po.meta,ctx-2,44,155.0,0.01484,True,*
libiconv_v1.17-pre1,libiconv-1.17-pre1.pt_BR.llama.ctx-0.po.meta,libiconv-1.17-pre1.pt_BR.llama.ctx-2.es-zh_CN.po.meta,ctx-2,44,70.0,6e-05,True,***
libiconv_v1.17-pre1,libiconv-1.17-pre1.pt_BR.llama.ctx-0.po.meta,libiconv-1.17-pre1.pt_BR.llama.ctx-2.fr-id.po.meta,ctx-2,44,143.0,0.001658,True,**
libiconv_v1.17-pre1,libiconv-1.17-pre1.pt_BR.llama.ctx-0.po.meta,libiconv-1.17-pre1.pt_BR.llama.ctx-2.fr-ru.po.meta,ctx-2,44,193.0,0.010048,True,*
libiconv_v1.17-pre1,libiconv-1.17-pre1.pt_BR.llama.ctx-0.po.meta,libiconv-1.17-pre1.pt_BR.llama.ctx-2.fr-vi.po.meta,ctx-2,44,161.0,0.006888,True,**
libiconv_v1.17-pre1,libiconv-1.17-pre1.pt_BR.llama.ctx-0.po.meta,libiconv-1.17-pre1.pt_BR.llama.ctx-2.fr-zh_CN.po.meta,ctx-2,44,64.0,0.000311,True,***
libiconv_v1.17-pre1,libiconv-1.17-pre1.pt_BR.llama.ctx-0.po.meta,libiconv-1.17-pre1.pt_BR.llama.ctx-2.id-ru.po.meta,ctx-2,44,240.0,0.143993,False,ns
libiconv_v1.17-pre1,libiconv-1.17-pre1.pt_BR.llama.ctx-0.po.meta,libiconv-1.17-pre1.pt_BR.llama.ctx-2.id-vi.po.meta,ctx-2,44,233.0,0.270147,False,ns
libiconv_v1.17-pre1,libiconv-1.17-pre1.pt_BR.llama.ctx-0.po.meta,libiconv-1.17-pre1.pt_BR.llama.ctx-2.id-zh_CN.po.meta,ctx-2,44,103.0,0.013292,True,*
libiconv_v1.17-pre1,libiconv-1.17-pre1.pt_BR.llama.ctx-0.po.meta,libiconv-1.17-pre1.pt_BR.llama.ctx-2.ru-vi.po.meta,ctx-2,44,224.0,0.208901,False,ns
libiconv_v1.17-pre1,libiconv-1.17-pre1.pt_BR.llama.ctx-0.po.meta,libiconv-1.17-pre1.pt_BR.llama.ctx-2.ru-zh_CN.po.meta,ctx-2,44,129.0,0.033269,True,*
libiconv_v1.17-pre1,libiconv-1.17-pre1.pt_BR.llama.ctx-0.po.meta,libiconv-1.17-pre1.pt_BR.llama.ctx-2.vi-zh_CN.po.meta,ctx-2,44,162.0,0.056483,False,ns
man-db_v2.13.1-pre1,man-db-2.13.1-pre1.pt_BR.llama.ctx-0.po.meta,man-db-2.13.1-pre1.pt_BR.llama.ctx-1.de.po.meta,ctx-1,190,2959.0,0.231842,False,ns
man-db_v2.13.1-pre1,man-db-2.13.1-pre1.pt_BR.llama.ctx-0.po.meta,man-db-2.13.1-pre1.pt_BR.llama.ctx-1.es.po.meta,ctx-1,190,2492.0,0.000369,True,***
man-db_v2.13.1-pre1,man-db-2.13.1-pre1.pt_BR.llama.ctx-0.po.meta,man-db-2.13.1-pre1.pt_BR.llama.ctx-1.fr.po.meta,ctx-1,190,1275.5,0.06988,False,ns
man-db_v2.13.1-pre1,man-db-2.13.1-pre1.pt_BR.llama.ctx-0.po.meta,man-db-2.13.1-pre1.pt_BR.llama.ctx-1.id.po.meta,ctx-1,190,2400.0,0.037239,True,*
man-db_v2.13.1-pre1,man-db-2.13.1-pre1.pt_BR.llama.ctx-0.po.meta,man-db-2.13.1-pre1.pt_BR.llama.ctx-1.ru.po.meta,ctx-1,190,1808.5,0.0,True,***
man-db_v2.13.1-pre1,man-db-2.13.1-pre1.pt_BR.llama.ctx-0.po.meta,man-db-2.13.1-pre1.pt_BR.llama.ctx-1.vi.po.meta,ctx-1,190,2782.5,0.018842,True,*
man-db_v2.13.1-pre1,man-db-2.13.1-pre1.pt_BR.llama.ctx-0.po.meta,man-db-2.13.1-pre1.pt_BR.llama.ctx-1.zh_CN.po.meta,ctx-1,190,2601.0,0.459834,False,ns
man-db_v2.13.1-pre1,man-db-2.13.1-pre1.pt_BR.llama.ctx-0.po.meta,man-db-2.13.1-pre1.pt_BR.llama.ctx-2.de-es.po.meta,ctx-2,190,2668.0,0.011757,True,*
man-db_v2.13.1-pre1,man-db-2.13.1-pre1.pt_BR.llama.ctx-0.po.meta,man-db-2.13.1-pre1.pt_BR.llama.ctx-2.de-fr.po.meta,ctx-2,190,2289.0,0.259896,False,ns
man-db_v2.13.1-pre1,man-db-2.13.1-pre1.pt_BR.llama.ctx-0.po.meta,man-db-2.13.1-pre1.pt_BR.llama.ctx-2.de-id.po.meta,ctx-2,190,2663.5,0.08256,False,ns
man-db_v2.13.1-pre1,man-db-2.13.1-pre1.pt_BR.llama.ctx-0.po.meta,man-db-2.13.1-pre1.pt_BR.llama.ctx-2.de-ru.po.meta,ctx-2,190,1383.0,0.0,True,***
man-db_v2.13.1-pre1,man-db-2.13.1-pre1.pt_BR.llama.ctx-0.po.meta,man-db-2.13.1-pre1.pt_BR.llama.ctx-2.de-vi.po.meta,ctx-2,190,3448.0,0.35691,False,ns
man-db_v2.13.1-pre1,man-db-2.13.1-pre1.pt_BR.llama.ctx-0.po.meta,man-db-2.13.1-pre1.pt_BR.llama.ctx-2.de-zh_CN.po.meta,ctx-2,190,2410.0,0.075706,False,ns
man-db_v2.13.1-pre1,man-db-2.13.1-pre1.pt_BR.llama.ctx-0.po.meta,man-db-2.13.1-pre1.pt_BR.llama.ctx-2.es-fr.po.meta,ctx-2,190,2014.0,0.028925,True,*
man-db_v2.13.1-pre1,man-db-2.13.1-pre1.pt_BR.llama.ctx-0.po.meta,man-db-2.13.1-pre1.pt_BR.llama.ctx-2.es-id.po.meta,ctx-2,190,2570.5,5.7e-05,True,***
man-db_v2.13.1-pre1,man-db-2.13.1-pre1.pt_BR.llama.ctx-0.po.meta,man-db-2.13.1-pre1.pt_BR.llama.ctx-2.es-ru.po.meta,ctx-2,190,1474.0,0.0,True,***
man-db_v2.13.1-pre1,man-db-2.13.1-pre1.pt_BR.llama.ctx-0.po.meta,man-db-2.13.1-pre1.pt_BR.llama.ctx-2.es-vi.po.meta,ctx-2,190,3856.0,0.428946,False,ns
man-db_v2.13.1-pre1,man-db-2.13.1-pre1.pt_BR.llama.ctx-0.po.meta,man-db-2.13.1-pre1.pt_BR.llama.ctx-2.es-zh_CN.po.meta,ctx-2,190,2069.0,0.003356,True,**
man-db_v2.13.1-pre1,man-db-2.13.1-pre1.pt_BR.llama.ctx-0.po.meta,man-db-2.13.1-pre1.pt_BR.llama.ctx-2.fr-id.po.meta,ctx-2,190,2316.0,0.827668,False,ns
man-db_v2.13.1-pre1,man-db-2.13.1-pre1.pt_BR.llama.ctx-0.po.meta,man-db-2.13.1-pre1.pt_BR.llama.ctx-2.fr-ru.po.meta,ctx-2,190,1702.0,0.010354,True,*
man-db_v2.13.1-pre1,man-db-2.13.1-pre1.pt_BR.llama.ctx-0.po.meta,man-db-2.13.1-pre1.pt_BR.llama.ctx-2.fr-vi.po.meta,ctx-2,190,2078.5,0.361899,False,ns
man-db_v2.13.1-pre1,man-db-2.13.1-pre1.pt_BR.llama.ctx-0.po.meta,man-db-2.13.1-pre1.pt_BR.llama.ctx-2.fr-zh_CN.po.meta,ctx-2,190,1414.0,0.001307,True,**
man-db_v2.13.1-pre1,man-db-2.13.1-pre1.pt_BR.llama.ctx-0.po.meta,man-db-2.13.1-pre1.pt_BR.llama.ctx-2.id-ru.po.meta,ctx-2,190,1241.0,0.0,True,***
man-db_v2.13.1-pre1,man-db-2.13.1-pre1.pt_BR.llama.ctx-0.po.meta,man-db-2.13.1-pre1.pt_BR.llama.ctx-2.id-vi.po.meta,ctx-2,190,3665.5,0.502737,False,ns
man-db_v2.13.1-pre1,man-db-2.13.1-pre1.pt_BR.llama.ctx-0.po.meta,man-db-2.13.1-pre1.pt_BR.llama.ctx-2.id-zh_CN.po.meta,ctx-2,190,1925.5,0.009085,True,**
man-db_v2.13.1-pre1,man-db-2.13.1-pre1.pt_BR.llama.ctx-0.po.meta,man-db-2.13.1-pre1.pt_BR.llama.ctx-2.ru-vi.po.meta,ctx-2,190,1503.5,0.0,True,***
man-db_v2.13.1-pre1,man-db-2.13.1-pre1.pt_BR.llama.ctx-0.po.meta,man-db-2.13.1-pre1.pt_BR.llama.ctx-2.ru-zh_CN.po.meta,ctx-2,190,1927.0,1e-06,True,***
man-db_v2.13.1-pre1,man-db-2.13.1-pre1.pt_BR.llama.ctx-0.po.meta,man-db-2.13.1-pre1.pt_BR.llama.ctx-2.vi-zh_CN.po.meta,ctx-2,190,3444.5,0.739283,False,ns
nano_v8.4-pre1,nano-8.4-pre1.pt_BR.llama.ctx-0.po.meta,nano-8.4-pre1.pt_BR.llama.ctx-1.de.po.meta,ctx-1,614,30275.0,0.04081,True,*
nano_v8.4-pre1,nano-8.4-pre1.pt_BR.llama.ctx-0.po.meta,nano-8.4-pre1.pt_BR.llama.ctx-1.es.po.meta,ctx-1,614,29638.5,0.000187,True,***
nano_v8.4-pre1,nano-8.4-pre1.pt_BR.llama.ctx-0.po.meta,nano-8.4-pre1.pt_BR.llama.ctx-1.fr.po.meta,ctx-1,614,23457.0,0.001012,True,**
nano_v8.4-pre1,nano-8.4-pre1.pt_BR.llama.ctx-0.po.meta,nano-8.4-pre1.pt_BR.llama.ctx-1.id.po.meta,ctx-1,614,25235.5,0.143802,False,ns
nano_v8.4-pre1,nano-8.4-pre1.pt_BR.llama.ctx-0.po.meta,nano-8.4-pre1.pt_BR.llama.ctx-1.ru.po.meta,ctx-1,614,17880.0,0.910353,False,ns
nano_v8.4-pre1,nano-8.4-pre1.pt_BR.llama.ctx-0.po.meta,nano-8.4-pre1.pt_BR.llama.ctx-1.vi.po.meta,ctx-1,614,23923.5,0.01746,True,*
nano_v8.4-pre1,nano-8.4-pre1.pt_BR.llama.ctx-0.po.meta,nano-8.4-pre1.pt_BR.llama.ctx-1.zh_CN.po.meta,ctx-1,614,25482.0,0.553096,False,ns
nano_v8.4-pre1,nano-8.4-pre1.pt_BR.llama.ctx-0.po.meta,nano-8.4-pre1.pt_BR.llama.ctx-2.de-es.po.meta,ctx-2,614,26521.0,0.00252,True,**
nano_v8.4-pre1,nano-8.4-pre1.pt_BR.llama.ctx-0.po.meta,nano-8.4-pre1.pt_BR.llama.ctx-2.de-fr.po.meta,ctx-2,614,26662.0,0.001106,True,**
nano_v8.4-pre1,nano-8.4-pre1.pt_BR.llama.ctx-0.po.meta,nano-8.4-pre1.pt_BR.llama.ctx-2.de-id.po.meta,ctx-2,614,27217.5,0.009652,True,**
nano_v8.4-pre1,nano-8.4-pre1.pt_BR.llama.ctx-0.po.meta,nano-8.4-pre1.pt_BR.llama.ctx-2.de-ru.po.meta,ctx-2,614,22437.0,0.0748,False,ns
nano_v8.4-pre1,nano-8.4-pre1.pt_BR.llama.ctx-0.po.meta,nano-8.4-pre1.pt_BR.llama.ctx-2.de-vi.po.meta,ctx-2,614,31074.5,0.068133,False,ns
nano_v8.4-pre1,nano-8.4-pre1.pt_BR.llama.ctx-0.po.meta,nano-8.4-pre1.pt_BR.llama.ctx-2.de-zh_CN.po.meta,ctx-2,614,29978.5,0.149301,False,ns
nano_v8.4-pre1,nano-8.4-pre1.pt_BR.llama.ctx-0.po.meta,nano-8.4-pre1.pt_BR.llama.ctx-2.es-fr.po.meta,ctx-2,614,24326.5,0.000172,True,***
nano_v8.4-pre1,nano-8.4-pre1.pt_BR.llama.ctx-0.po.meta,nano-8.4-pre1.pt_BR.llama.ctx-2.es-id.po.meta,ctx-2,614,28854.5,9e-06,True,***
nano_v8.4-pre1,nano-8.4-pre1.pt_BR.llama.ctx-0.po.meta,nano-8.4-pre1.pt_BR.llama.ctx-2.es-ru.po.meta,ctx-2,614,24529.0,0.062374,False,ns
nano_v8.4-pre1,nano-8.4-pre1.pt_BR.llama.ctx-0.po.meta,nano-8.4-pre1.pt_BR.llama.ctx-2.es-vi.po.meta,ctx-2,614,35789.0,0.715359,False,ns
nano_v8.4-pre1,nano-8.4-pre1.pt_BR.llama.ctx-0.po.meta,nano-8.4-pre1.pt_BR.llama.ctx-2.es-zh_CN.po.meta,ctx-2,614,27514.0,0.063146,False,ns
nano_v8.4-pre1,nano-8.4-pre1.pt_BR.llama.ctx-0.po.meta,nano-8.4-pre1.pt_BR.llama.ctx-2.fr-id.po.meta,ctx-2,614,25806.5,0.002136,True,**
nano_v8.4-pre1,nano-8.4-pre1.pt_BR.llama.ctx-0.po.meta,nano-8.4-pre1.pt_BR.llama.ctx-2.fr-vi.po.meta,ctx-2,614,30491.0,0.149613,False,ns
nano_v8.4-pre1,nano-8.4-pre1.pt_BR.llama.ctx-0.po.meta,nano-8.4-pre1.pt_BR.llama.ctx-2.fr-zh_CN.po.meta,ctx-2,614,28392.5,0.434128,False,ns
nano_v8.4-pre1,nano-8.4-pre1.pt_BR.llama.ctx-0.po.meta,nano-8.4-pre1.pt_BR.llama.ctx-2.id-ru.po.meta,ctx-2,614,22184.5,0.400968,False,ns
nano_v8.4-pre1,nano-8.4-pre1.pt_BR.llama.ctx-0.po.meta,nano-8.4-pre1.pt_BR.llama.ctx-2.id-vi.po.meta,ctx-2,614,24843.5,0.000856,True,***
nano_v8.4-pre1,nano-8.4-pre1.pt_BR.llama.ctx-0.po.meta,nano-8.4-pre1.pt_BR.llama.ctx-2.id-zh_CN.po.meta,ctx-2,614,28327.0,0.859383,False,ns
nano_v8.4-pre1,nano-8.4-pre1.pt_BR.llama.ctx-0.po.meta,nano-8.4-pre1.pt_BR.llama.ctx-2.ru-vi.po.meta,ctx-2,614,23624.0,0.992311,False,ns
nano_v8.4-pre1,nano-8.4-pre1.pt_BR.llama.ctx-0.po.meta,nano-8.4-pre1.pt_BR.llama.ctx-2.ru-zh_CN.po.meta,ctx-2,614,20920.0,0.362563,False,ns
nano_v8.4-pre1,nano-8.4-pre1.pt_BR.llama.ctx-0.po.meta,nano-8.4-pre1.pt_BR.llama.ctx-2.vi-zh_CN.po.meta,ctx-2,614,26528.0,0.20534,False,ns
parted_v3.4.64.2,parted-3.4.64.2.pt_BR.llama.ctx-0.po.meta,parted-3.4.64.2.pt_BR.llama.ctx-1.de.po.meta,ctx-1,542,22473.0,0.867308,False,ns
parted_v3.4.64.2,parted-3.4.64.2.pt_BR.llama.ctx-0.po.meta,parted-3.4.64.2.pt_BR.llama.ctx-1.es.po.meta,ctx-1,542,13242.5,0.025578,True,*
parted_v3.4.64.2,parted-3.4.64.2.pt_BR.llama.ctx-0.po.meta,parted-3.4.64.2.pt_BR.llama.ctx-1.fr.po.meta,ctx-1,542,27461.0,0.918994,False,ns
parted_v3.4.64.2,parted-3.4.64.2.pt_BR.llama.ctx-0.po.meta,parted-3.4.64.2.pt_BR.llama.ctx-1.id.po.meta,ctx-1,542,23192.5,0.774232,False,ns
parted_v3.4.64.2,parted-3.4.64.2.pt_BR.llama.ctx-0.po.meta,parted-3.4.64.2.pt_BR.llama.ctx-1.ru.po.meta,ctx-1,542,21068.0,0.081488,False,ns
parted_v3.4.64.2,parted-3.4.64.2.pt_BR.llama.ctx-0.po.meta,parted-3.4.64.2.pt_BR.llama.ctx-1.vi.po.meta,ctx-1,542,17414.5,0.016442,True,*
parted_v3.4.64.2,parted-3.4.64.2.pt_BR.llama.ctx-0.po.meta,parted-3.4.64.2.pt_BR.llama.ctx-1.zh_CN.po.meta,ctx-1,542,14892.5,0.057292,False,ns
parted_v3.4.64.2,parted-3.4.64.2.pt_BR.llama.ctx-0.po.meta,parted-3.4.64.2.pt_BR.llama.ctx-2.de-es.po.meta,ctx-2,542,15026.0,0.000841,True,***
parted_v3.4.64.2,parted-3.4.64.2.pt_BR.llama.ctx-0.po.meta,parted-3.4.64.2.pt_BR.llama.ctx-2.de-fr.po.meta,ctx-2,542,26521.5,0.411299,False,ns
parted_v3.4.64.2,parted-3.4.64.2.pt_BR.llama.ctx-0.po.meta,parted-3.4.64.2.pt_BR.llama.ctx-2.de-id.po.meta,ctx-2,542,21300.0,0.010474,True,*
parted_v3.4.64.2,parted-3.4.64.2.pt_BR.llama.ctx-0.po.meta,parted-3.4.64.2.pt_BR.llama.ctx-2.de-ru.po.meta,ctx-2,542,21649.5,0.100259,False,ns
parted_v3.4.64.2,parted-3.4.64.2.pt_BR.llama.ctx-0.po.meta,parted-3.4.64.2.pt_BR.llama.ctx-2.de-vi.po.meta,ctx-2,542,21925.5,0.141644,False,ns
parted_v3.4.64.2,parted-3.4.64.2.pt_BR.llama.ctx-0.po.meta,parted-3.4.64.2.pt_BR.llama.ctx-2.de-zh_CN.po.meta,ctx-2,542,16137.5,0.003097,True,**
parted_v3.4.64.2,parted-3.4.64.2.pt_BR.llama.ctx-0.po.meta,parted-3.4.64.2.pt_BR.llama.ctx-2.es-fr.po.meta,ctx-2,542,18318.0,0.063917,False,ns
parted_v3.4.64.2,parted-3.4.64.2.pt_BR.llama.ctx-0.po.meta,parted-3.4.64.2.pt_BR.llama.ctx-2.es-id.po.meta,ctx-2,542,16328.0,0.000334,True,***
parted_v3.4.64.2,parted-3.4.64.2.pt_BR.llama.ctx-0.po.meta,parted-3.4.64.2.pt_BR.llama.ctx-2.es-ru.po.meta,ctx-2,542,14305.0,4e-06,True,***
parted_v3.4.64.2,parted-3.4.64.2.pt_BR.llama.ctx-0.po.meta,parted-3.4.64.2.pt_BR.llama.ctx-2.es-vi.po.meta,ctx-2,542,16881.0,0.061423,False,ns
parted_v3.4.64.2,parted-3.4.64.2.pt_BR.llama.ctx-0.po.meta,parted-3.4.64.2.pt_BR.llama.ctx-2.es-zh_CN.po.meta,ctx-2,542,14355.5,0.002912,True,**
parted_v3.4.64.2,parted-3.4.64.2.pt_BR.llama.ctx-0.po.meta,parted-3.4.64.2.pt_BR.llama.ctx-2.fr-id.po.meta,ctx-2,542,25488.0,0.33794,False,ns
parted_v3.4.64.2,parted-3.4.64.2.pt_BR.llama.ctx-0.po.meta,parted-3.4.64.2.pt_BR.llama.ctx-2.fr-ru.po.meta,ctx-2,542,19440.5,0.056875,False,ns
parted_v3.4.64.2,parted-3.4.64.2.pt_BR.llama.ctx-0.po.meta,parted-3.4.64.2.pt_BR.llama.ctx-2.fr-vi.po.meta,ctx-2,542,28160.0,0.933806,False,ns
parted_v3.4.64.2,parted-3.4.64.2.pt_BR.llama.ctx-0.po.meta,parted-3.4.64.2.pt_BR.llama.ctx-2.fr-zh_CN.po.meta,ctx-2,542,16111.0,0.003855,True,**
parted_v3.4.64.2,parted-3.4.64.2.pt_BR.llama.ctx-0.po.meta,parted-3.4.64.2.pt_BR.llama.ctx-2.id-ru.po.meta,ctx-2,542,19762.5,0.025878,True,*
parted_v3.4.64.2,parted-3.4.64.2.pt_BR.llama.ctx-0.po.meta,parted-3.4.64.2.pt_BR.llama.ctx-2.id-vi.po.meta,ctx-2,542,24952.5,0.730671,False,ns
parted_v3.4.64.2,parted-3.4.64.2.pt_BR.llama.ctx-0.po.meta,parted-3.4.64.2.pt_BR.llama.ctx-2.id-zh_CN.po.meta,ctx-2,542,16568.5,0.017413,True,*
parted_v3.4.64.2,parted-3.4.64.2.pt_BR.llama.ctx-0.po.meta,parted-3.4.64.2.pt_BR.llama.ctx-2.ru-vi.po.meta,ctx-2,542,18703.5,0.004607,True,**
parted_v3.4.64.2,parted-3.4.64.2.pt_BR.llama.ctx-0.po.meta,parted-3.4.64.2.pt_BR.llama.ctx-2.ru-zh_CN.po.meta,ctx-2,542,19210.5,0.01238,True,*
parted_v3.4.64.2,parted-3.4.64.2.pt_BR.llama.ctx-0.po.meta,parted-3.4.64.2.pt_BR.llama.ctx-2.vi-zh_CN.po.meta,ctx-2,542,17370.5,0.019262,True,*
psmisc_v23.7-rc1,psmisc-23.7-rc1.pt_BR.llama.ctx-0.po.meta,psmisc-23.7-rc1.pt_BR.llama.ctx-1.de.po.meta,ctx-1,94,934.0,0.001001,True,**
psmisc_v23.7-rc1,psmisc-23.7-rc1.pt_BR.llama.ctx-0.po.meta,psmisc-23.7-rc1.pt_BR.llama.ctx-1.es.po.meta,ctx-1,94,233.0,0.0,True,***
psmisc_v23.7-rc1,psmisc-23.7-rc1.pt_BR.llama.ctx-0.po.meta,psmisc-23.7-rc1.pt_BR.llama.ctx-1.fr.po.meta,ctx-1,94,425.0,0.0,True,***
psmisc_v23.7-rc1,psmisc-23.7-rc1.pt_BR.llama.ctx-0.po.meta,psmisc-23.7-rc1.pt_BR.llama.ctx-1.id.po.meta,ctx-1,94,611.0,1e-05,True,***
psmisc_v23.7-rc1,psmisc-23.7-rc1.pt_BR.llama.ctx-0.po.meta,psmisc-23.7-rc1.pt_BR.llama.ctx-1.ru.po.meta,ctx-1,94,521.0,0.0,True,***
psmisc_v23.7-rc1,psmisc-23.7-rc1.pt_BR.llama.ctx-0.po.meta,psmisc-23.7-rc1.pt_BR.llama.ctx-1.vi.po.meta,ctx-1,94,718.0,0.008543,True,**
psmisc_v23.7-rc1,psmisc-23.7-rc1.pt_BR.llama.ctx-0.po.meta,psmisc-23.7-rc1.pt_BR.llama.ctx-1.zh_CN.po.meta,ctx-1,94,420.0,0.0,True,***
psmisc_v23.7-rc1,psmisc-23.7-rc1.pt_BR.llama.ctx-0.po.meta,psmisc-23.7-rc1.pt_BR.llama.ctx-2.de-es.po.meta,ctx-2,94,387.0,0.0,True,***
psmisc_v23.7-rc1,psmisc-23.7-rc1.pt_BR.llama.ctx-0.po.meta,psmisc-23.7-rc1.pt_BR.llama.ctx-2.de-fr.po.meta,ctx-2,94,507.0,0.0,True,***
psmisc_v23.7-rc1,psmisc-23.7-rc1.pt_BR.llama.ctx-0.po.meta,psmisc-23.7-rc1.pt_BR.llama.ctx-2.de-id.po.meta,ctx-2,94,638.0,7e-06,True,***
psmisc_v23.7-rc1,psmisc-23.7-rc1.pt_BR.llama.ctx-0.po.meta,psmisc-23.7-rc1.pt_BR.llama.ctx-2.de-ru.po.meta,ctx-2,94,561.0,1e-06,True,***
psmisc_v23.7-rc1,psmisc-23.7-rc1.pt_BR.llama.ctx-0.po.meta,psmisc-23.7-rc1.pt_BR.llama.ctx-2.de-vi.po.meta,ctx-2,94,656.0,0.000598,True,***
psmisc_v23.7-rc1,psmisc-23.7-rc1.pt_BR.llama.ctx-0.po.meta,psmisc-23.7-rc1.pt_BR.llama.ctx-2.de-zh_CN.po.meta,ctx-2,94,527.0,0.0,True,***
psmisc_v23.7-rc1,psmisc-23.7-rc1.pt_BR.llama.ctx-0.po.meta,psmisc-23.7-rc1.pt_BR.llama.ctx-2.es-fr.po.meta,ctx-2,94,371.0,0.0,True,***
psmisc_v23.7-rc1,psmisc-23.7-rc1.pt_BR.llama.ctx-0.po.meta,psmisc-23.7-rc1.pt_BR.llama.ctx-2.es-id.po.meta,ctx-2,94,307.0,0.0,True,***
psmisc_v23.7-rc1,psmisc-23.7-rc1.pt_BR.llama.ctx-0.po.meta,psmisc-23.7-rc1.pt_BR.llama.ctx-2.es-ru.po.meta,ctx-2,94,392.0,0.0,True,***
psmisc_v23.7-rc1,psmisc-23.7-rc1.pt_BR.llama.ctx-0.po.meta,psmisc-23.7-rc1.pt_BR.llama.ctx-2.es-vi.po.meta,ctx-2,94,442.0,0.0,True,***
psmisc_v23.7-rc1,psmisc-23.7-rc1.pt_BR.llama.ctx-0.po.meta,psmisc-23.7-rc1.pt_BR.llama.ctx-2.es-zh_CN.po.meta,ctx-2,94,340.0,0.0,True,***
psmisc_v23.7-rc1,psmisc-23.7-rc1.pt_BR.llama.ctx-0.po.meta,psmisc-23.7-rc1.pt_BR.llama.ctx-2.fr-id.po.meta,ctx-2,94,414.0,0.0,True,***
psmisc_v23.7-rc1,psmisc-23.7-rc1.pt_BR.llama.ctx-0.po.meta,psmisc-23.7-rc1.pt_BR.llama.ctx-2.fr-ru.po.meta,ctx-2,94,424.0,0.0,True,***
psmisc_v23.7-rc1,psmisc-23.7-rc1.pt_BR.llama.ctx-0.po.meta,psmisc-23.7-rc1.pt_BR.llama.ctx-2.fr-vi.po.meta,ctx-2,94,394.0,0.0,True,***
psmisc_v23.7-rc1,psmisc-23.7-rc1.pt_BR.llama.ctx-0.po.meta,psmisc-23.7-rc1.pt_BR.llama.ctx-2.fr-zh_CN.po.meta,ctx-2,94,512.0,0.0,True,***
psmisc_v23.7-rc1,psmisc-23.7-rc1.pt_BR.llama.ctx-0.po.meta,psmisc-23.7-rc1.pt_BR.llama.ctx-2.id-ru.po.meta,ctx-2,94,657.0,1e-06,True,***
psmisc_v23.7-rc1,psmisc-23.7-rc1.pt_BR.llama.ctx-0.po.meta,psmisc-23.7-rc1.pt_BR.llama.ctx-2.id-vi.po.meta,ctx-2,94,707.0,0.000404,True,***
psmisc_v23.7-rc1,psmisc-23.7-rc1.pt_BR.llama.ctx-0.po.meta,psmisc-23.7-rc1.pt_BR.llama.ctx-2.id-zh_CN.po.meta,ctx-2,94,486.0,1e-06,True,***
psmisc_v23.7-rc1,psmisc-23.7-rc1.pt_BR.llama.ctx-0.po.meta,psmisc-23.7-rc1.pt_BR.llama.ctx-2.ru-vi.po.meta,ctx-2,94,547.0,1e-05,True,***
psmisc_v23.7-rc1,psmisc-23.7-rc1.pt_BR.llama.ctx-0.po.meta,psmisc-23.7-rc1.pt_BR.llama.ctx-2.ru-zh_CN.po.meta,ctx-2,94,637.0,1e-06,True,***
psmisc_v23.7-rc1,psmisc-23.7-rc1.pt_BR.llama.ctx-0.po.meta,psmisc-23.7-rc1.pt_BR.llama.ctx-2.vi-zh_CN.po.meta,ctx-2,94,596.0,0.000155,True,***
sed_v4.8.44,sed-4.8.44.pt_BR.llama.ctx-0.po.meta,sed-4.8.44.pt_BR.llama.ctx-1.de.po.meta,ctx-1,140,1506.0,0.029344,True,*
sed_v4.8.44,sed-4.8.44.pt_BR.llama.ctx-0.po.meta,sed-4.8.44.pt_BR.llama.ctx-1.es.po.meta,ctx-1,140,1225.0,0.000592,True,***
sed_v4.8.44,sed-4.8.44.pt_BR.llama.ctx-0.po.meta,sed-4.8.44.pt_BR.llama.ctx-1.fr.po.meta,ctx-1,140,470.0,0.000384,True,***
sed_v4.8.44,sed-4.8.44.pt_BR.llama.ctx-0.po.meta,sed-4.8.44.pt_BR.llama.ctx-1.id.po.meta,ctx-1,140,2097.0,0.609377,False,ns
sed_v4.8.44,sed-4.8.44.pt_BR.llama.ctx-0.po.meta,sed-4.8.44.pt_BR.llama.ctx-1.ru.po.meta,ctx-1,140,1026.0,6.5e-05,True,***
sed_v4.8.44,sed-4.8.44.pt_BR.llama.ctx-0.po.meta,sed-4.8.44.pt_BR.llama.ctx-1.vi.po.meta,ctx-1,140,1774.0,0.443915,False,ns
sed_v4.8.44,sed-4.8.44.pt_BR.llama.ctx-0.po.meta,sed-4.8.44.pt_BR.llama.ctx-1.zh_CN.po.meta,ctx-1,140,1402.0,0.043658,True,*
sed_v4.8.44,sed-4.8.44.pt_BR.llama.ctx-0.po.meta,sed-4.8.44.pt_BR.llama.ctx-2.de-es.po.meta,ctx-2,140,1285.0,0.000883,True,***
sed_v4.8.44,sed-4.8.44.pt_BR.llama.ctx-0.po.meta,sed-4.8.44.pt_BR.llama.ctx-2.de-fr.po.meta,ctx-2,140,845.0,0.000858,True,***
sed_v4.8.44,sed-4.8.44.pt_BR.llama.ctx-0.po.meta,sed-4.8.44.pt_BR.llama.ctx-2.de-id.po.meta,ctx-2,140,1198.5,0.005849,True,**
sed_v4.8.44,sed-4.8.44.pt_BR.llama.ctx-0.po.meta,sed-4.8.44.pt_BR.llama.ctx-2.de-ru.po.meta,ctx-2,140,1479.0,0.006789,True,**
sed_v4.8.44,sed-4.8.44.pt_BR.llama.ctx-0.po.meta,sed-4.8.44.pt_BR.llama.ctx-2.de-vi.po.meta,ctx-2,140,1588.5,0.032065,True,*
sed_v4.8.44,sed-4.8.44.pt_BR.llama.ctx-0.po.meta,sed-4.8.44.pt_BR.llama.ctx-2.de-zh_CN.po.meta,ctx-2,140,1191.0,0.005287,True,**
sed_v4.8.44,sed-4.8.44.pt_BR.llama.ctx-0.po.meta,sed-4.8.44.pt_BR.llama.ctx-2.es-fr.po.meta,ctx-2,140,774.0,0.00095,True,***
sed_v4.8.44,sed-4.8.44.pt_BR.llama.ctx-0.po.meta,sed-4.8.44.pt_BR.llama.ctx-2.es-id.po.meta,ctx-2,140,1202.0,6.3e-05,True,***
sed_v4.8.44,sed-4.8.44.pt_BR.llama.ctx-0.po.meta,sed-4.8.44.pt_BR.llama.ctx-2.es-ru.po.meta,ctx-2,140,1495.0,0.00357,True,**
sed_v4.8.44,sed-4.8.44.pt_BR.llama.ctx-0.po.meta,sed-4.8.44.pt_BR.llama.ctx-2.es-vi.po.meta,ctx-2,140,1677.0,0.017361,True,*
sed_v4.8.44,sed-4.8.44.pt_BR.llama.ctx-0.po.meta,sed-4.8.44.pt_BR.llama.ctx-2.es-zh_CN.po.meta,ctx-2,140,1242.0,0.0003,True,***
sed_v4.8.44,sed-4.8.44.pt_BR.llama.ctx-0.po.meta,sed-4.8.44.pt_BR.llama.ctx-2.fr-id.po.meta,ctx-2,140,1051.0,0.048276,True,*
sed_v4.8.44,sed-4.8.44.pt_BR.llama.ctx-0.po.meta,sed-4.8.44.pt_BR.llama.ctx-2.fr-ru.po.meta,ctx-2,140,1032.0,0.004799,True,**
sed_v4.8.44,sed-4.8.44.pt_BR.llama.ctx-0.po.meta,sed-4.8.44.pt_BR.llama.ctx-2.fr-vi.po.meta,ctx-2,140,1397.5,0.285893,False,ns
sed_v4.8.44,sed-4.8.44.pt_BR.llama.ctx-0.po.meta,sed-4.8.44.pt_BR.llama.ctx-2.fr-zh_CN.po.meta,ctx-2,140,999.0,0.006995,True,**
sed_v4.8.44,sed-4.8.44.pt_BR.llama.ctx-0.po.meta,sed-4.8.44.pt_BR.llama.ctx-2.id-ru.po.meta,ctx-2,140,1503.0,0.019534,True,*
sed_v4.8.44,sed-4.8.44.pt_BR.llama.ctx-0.po.meta,sed-4.8.44.pt_BR.llama.ctx-2.id-vi.po.meta,ctx-2,140,1920.5,0.136451,False,ns
sed_v4.8.44,sed-4.8.44.pt_BR.llama.ctx-0.po.meta,sed-4.8.44.pt_BR.llama.ctx-2.id-zh_CN.po.meta,ctx-2,140,1572.0,0.108253,False,ns
sed_v4.8.44,sed-4.8.44.pt_BR.llama.ctx-0.po.meta,sed-4.8.44.pt_BR.llama.ctx-2.ru-vi.po.meta,ctx-2,140,1998.5,0.173787,False,ns
sed_v4.8.44,sed-4.8.44.pt_BR.llama.ctx-0.po.meta,sed-4.8.44.pt_BR.llama.ctx-2.ru-zh_CN.po.meta,ctx-2,140,1234.5,0.001677,True,**
sed_v4.8.44,sed-4.8.44.pt_BR.llama.ctx-0.po.meta,sed-4.8.44.pt_BR.llama.ctx-2.vi-zh_CN.po.meta,ctx-2,140,1761.0,0.141048,False,ns
tar_v1.35.90,tar-1.35.90.pt_BR.llama.ctx-0.po.meta,tar-1.35.90.pt_BR.llama.ctx-1.de.po.meta,ctx-1,589,29440.5,0.446723,False,ns
tar_v1.35.90,tar-1.35.90.pt_BR.llama.ctx-0.po.meta,tar-1.35.90.pt_BR.llama.ctx-1.es.po.meta,ctx-1,589,14381.5,2.4e-05,True,***
tar_v1.35.90,tar-1.35.90.pt_BR.llama.ctx-0.po.meta,tar-1.35.90.pt_BR.llama.ctx-1.fr.po.meta,ctx-1,589,34552.0,0.739662,False,ns
tar_v1.35.90,tar-1.35.90.pt_BR.llama.ctx-0.po.meta,tar-1.35.90.pt_BR.llama.ctx-1.id.po.meta,ctx-1,589,30422.5,0.806694,False,ns
tar_v1.35.90,tar-1.35.90.pt_BR.llama.ctx-0.po.meta,tar-1.35.90.pt_BR.llama.ctx-1.ru.po.meta,ctx-1,589,28103.0,0.101991,False,ns
tar_v1.35.90,tar-1.35.90.pt_BR.llama.ctx-0.po.meta,tar-1.35.90.pt_BR.llama.ctx-1.vi.po.meta,ctx-1,589,25240.0,0.038947,True,*
tar_v1.35.90,tar-1.35.90.pt_BR.llama.ctx-0.po.meta,tar-1.35.90.pt_BR.llama.ctx-1.zh_CN.po.meta,ctx-1,589,24472.0,0.950984,False,ns
tar_v1.35.90,tar-1.35.90.pt_BR.llama.ctx-0.po.meta,tar-1.35.90.pt_BR.llama.ctx-2.de-es.po.meta,ctx-2,589,17019.0,3e-05,True,***
tar_v1.35.90,tar-1.35.90.pt_BR.llama.ctx-0.po.meta,tar-1.35.90.pt_BR.llama.ctx-2.de-fr.po.meta,ctx-2,589,29830.0,0.240382,False,ns
tar_v1.35.90,tar-1.35.90.pt_BR.llama.ctx-0.po.meta,tar-1.35.90.pt_BR.llama.ctx-2.de-id.po.meta,ctx-2,589,27187.0,0.075674,False,ns
tar_v1.35.90,tar-1.35.90.pt_BR.llama.ctx-0.po.meta,tar-1.35.90.pt_BR.llama.ctx-2.de-ru.po.meta,ctx-2,589,25710.5,0.010492,True,*
tar_v1.35.90,tar-1.35.90.pt_BR.llama.ctx-0.po.meta,tar-1.35.90.pt_BR.llama.ctx-2.de-vi.po.meta,ctx-2,589,30790.0,0.744672,False,ns
tar_v1.35.90,tar-1.35.90.pt_BR.llama.ctx-0.po.meta,tar-1.35.90.pt_BR.llama.ctx-2.de-zh_CN.po.meta,ctx-2,589,22693.0,0.025201,True,*
tar_v1.35.90,tar-1.35.90.pt_BR.llama.ctx-0.po.meta,tar-1.35.90.pt_BR.llama.ctx-2.es-fr.po.meta,ctx-2,589,20702.0,0.002016,True,**
tar_v1.35.90,tar-1.35.90.pt_BR.llama.ctx-0.po.meta,tar-1.35.90.pt_BR.llama.ctx-2.es-id.po.meta,ctx-2,589,20608.5,0.008205,True,**
tar_v1.35.90,tar-1.35.90.pt_BR.llama.ctx-0.po.meta,tar-1.35.90.pt_BR.llama.ctx-2.es-ru.po.meta,ctx-2,589,17009.5,1e-05,True,***
tar_v1.35.90,tar-1.35.90.pt_BR.llama.ctx-0.po.meta,tar-1.35.90.pt_BR.llama.ctx-2.es-vi.po.meta,ctx-2,589,22703.5,0.126124,False,ns
tar_v1.35.90,tar-1.35.90.pt_BR.llama.ctx-0.po.meta,tar-1.35.90.pt_BR.llama.ctx-2.es-zh_CN.po.meta,ctx-2,589,16839.0,7e-05,True,***
tar_v1.35.90,tar-1.35.90.pt_BR.llama.ctx-0.po.meta,tar-1.35.90.pt_BR.llama.ctx-2.fr-id.po.meta,ctx-2,589,33425.5,0.433944,False,ns
tar_v1.35.90,tar-1.35.90.pt_BR.llama.ctx-0.po.meta,tar-1.35.90.pt_BR.llama.ctx-2.fr-ru.po.meta,ctx-2,589,28167.5,0.035269,True,*
tar_v1.35.90,tar-1.35.90.pt_BR.llama.ctx-0.po.meta,tar-1.35.90.pt_BR.llama.ctx-2.fr-vi.po.meta,ctx-2,589,34012.0,0.882031,False,ns
tar_v1.35.90,tar-1.35.90.pt_BR.llama.ctx-0.po.meta,tar-1.35.90.pt_BR.llama.ctx-2.fr-zh_CN.po.meta,ctx-2,589,30876.5,0.522197,False,ns
tar_v1.35.90,tar-1.35.90.pt_BR.llama.ctx-0.po.meta,tar-1.35.90.pt_BR.llama.ctx-2.id-ru.po.meta,ctx-2,589,24549.5,0.011462,True,*
tar_v1.35.90,tar-1.35.90.pt_BR.llama.ctx-0.po.meta,tar-1.35.90.pt_BR.llama.ctx-2.id-vi.po.meta,ctx-2,589,31226.0,0.156321,False,ns
tar_v1.35.90,tar-1.35.90.pt_BR.llama.ctx-0.po.meta,tar-1.35.90.pt_BR.llama.ctx-2.id-zh_CN.po.meta,ctx-2,589,26497.0,0.928183,False,ns
tar_v1.35.90,tar-1.35.90.pt_BR.llama.ctx-0.po.meta,tar-1.35.90.pt_BR.llama.ctx-2.ru-vi.po.meta,ctx-2,589,29430.0,0.263184,False,ns
tar_v1.35.90,tar-1.35.90.pt_BR.llama.ctx-0.po.meta,tar-1.35.90.pt_BR.llama.ctx-2.ru-zh_CN.po.meta,ctx-2,589,26833.0,0.040558,True,*
tar_v1.35.90,tar-1.35.90.pt_BR.llama.ctx-0.po.meta,tar-1.35.90.pt_BR.llama.ctx-2.vi-zh_CN.po.meta,ctx-2,589,26571.5,0.376603,False,ns
wget_v1.25.0,wget-1.25.0.pt_BR.llama.ctx-0.po.meta,wget-1.25.0.pt_BR.llama.ctx-1.de.po.meta,ctx-1,596,50419.5,0.001521,True,**
wget_v1.25.0,wget-1.25.0.pt_BR.llama.ctx-0.po.meta,wget-1.25.0.pt_BR.llama.ctx-1.es.po.meta,ctx-1,596,28963.0,0.0,True,***
wget_v1.25.0,wget-1.25.0.pt_BR.llama.ctx-0.po.meta,wget-1.25.0.pt_BR.llama.ctx-1.fr.po.meta,ctx-1,596,37565.5,0.0,True,***
wget_v1.25.0,wget-1.25.0.pt_BR.llama.ctx-0.po.meta,wget-1.25.0.pt_BR.llama.ctx-1.id.po.meta,ctx-1,596,41506.5,1e-06,True,***
wget_v1.25.0,wget-1.25.0.pt_BR.llama.ctx-0.po.meta,wget-1.25.0.pt_BR.llama.ctx-1.ru.po.meta,ctx-1,596,22236.5,0.0,True,***
wget_v1.25.0,wget-1.25.0.pt_BR.llama.ctx-0.po.meta,wget-1.25.0.pt_BR.llama.ctx-1.vi.po.meta,ctx-1,596,60936.5,0.889221,False,ns
wget_v1.25.0,wget-1.25.0.pt_BR.llama.ctx-0.po.meta,wget-1.25.0.pt_BR.llama.ctx-1.zh_CN.po.meta,ctx-1,596,36278.0,0.0,True,***
wget_v1.25.0,wget-1.25.0.pt_BR.llama.ctx-0.po.meta,wget-1.25.0.pt_BR.llama.ctx-2.de-es.po.meta,ctx-2,596,41011.0,0.0,True,***
wget_v1.25.0,wget-1.25.0.pt_BR.llama.ctx-0.po.meta,wget-1.25.0.pt_BR.llama.ctx-2.de-fr.po.meta,ctx-2,596,43617.0,0.0,True,***
wget_v1.25.0,wget-1.25.0.pt_BR.llama.ctx-0.po.meta,wget-1.25.0.pt_BR.llama.ctx-2.de-id.po.meta,ctx-2,596,41650.5,0.0,True,***
wget_v1.25.0,wget-1.25.0.pt_BR.llama.ctx-0.po.meta,wget-1.25.0.pt_BR.llama.ctx-2.de-ru.po.meta,ctx-2,596,28694.5,0.0,True,***
wget_v1.25.0,wget-1.25.0.pt_BR.llama.ctx-0.po.meta,wget-1.25.0.pt_BR.llama.ctx-2.de-vi.po.meta,ctx-2,596,54717.5,0.02113,True,*
wget_v1.25.0,wget-1.25.0.pt_BR.llama.ctx-0.po.meta,wget-1.25.0.pt_BR.llama.ctx-2.de-zh_CN.po.meta,ctx-2,596,39749.0,0.0,True,***
wget_v1.25.0,wget-1.25.0.pt_BR.llama.ctx-0.po.meta,wget-1.25.0.pt_BR.llama.ctx-2.es-fr.po.meta,ctx-2,596,31826.5,0.0,True,***
wget_v1.25.0,wget-1.25.0.pt_BR.llama.ctx-0.po.meta,wget-1.25.0.pt_BR.llama.ctx-2.es-id.po.meta,ctx-2,596,37531.5,0.0,True,***
wget_v1.25.0,wget-1.25.0.pt_BR.llama.ctx-0.po.meta,wget-1.25.0.pt_BR.llama.ctx-2.es-ru.po.meta,ctx-2,596,21908.5,0.0,True,***
wget_v1.25.0,wget-1.25.0.pt_BR.llama.ctx-0.po.meta,wget-1.25.0.pt_BR.llama.ctx-2.es-vi.po.meta,ctx-2,596,48295.0,4e-06,True,***
wget_v1.25.0,wget-1.25.0.pt_BR.llama.ctx-0.po.meta,wget-1.25.0.pt_BR.llama.ctx-2.es-zh_CN.po.meta,ctx-2,596,32170.0,0.0,True,***
wget_v1.25.0,wget-1.25.0.pt_BR.llama.ctx-0.po.meta,wget-1.25.0.pt_BR.llama.ctx-2.fr-id.po.meta,ctx-2,596,42806.0,0.0,True,***
wget_v1.25.0,wget-1.25.0.pt_BR.llama.ctx-0.po.meta,wget-1.25.0.pt_BR.llama.ctx-2.fr-ru.po.meta,ctx-2,596,27870.0,0.0,True,***
wget_v1.25.0,wget-1.25.0.pt_BR.llama.ctx-0.po.meta,wget-1.25.0.pt_BR.llama.ctx-2.fr-vi.po.meta,ctx-2,596,58019.0,0.038275,True,*
wget_v1.25.0,wget-1.25.0.pt_BR.llama.ctx-0.po.meta,wget-1.25.0.pt_BR.llama.ctx-2.fr-zh_CN.po.meta,ctx-2,596,31959.0,0.0,True,***
wget_v1.25.0,wget-1.25.0.pt_BR.llama.ctx-0.po.meta,wget-1.25.0.pt_BR.llama.ctx-2.id-ru.po.meta,ctx-2,596,27460.5,0.0,True,***
wget_v1.25.0,wget-1.25.0.pt_BR.llama.ctx-0.po.meta,wget-1.25.0.pt_BR.llama.ctx-2.id-vi.po.meta,ctx-2,596,63417.0,0.887173,False,ns
wget_v1.25.0,wget-1.25.0.pt_BR.llama.ctx-0.po.meta,wget-1.25.0.pt_BR.llama.ctx-2.id-zh_CN.po.meta,ctx-2,596,42348.0,2e-06,True,***
wget_v1.25.0,wget-1.25.0.pt_BR.llama.ctx-0.po.meta,wget-1.25.0.pt_BR.llama.ctx-2.ru-vi.po.meta,ctx-2,596,32905.0,0.0,True,***
wget_v1.25.0,wget-1.25.0.pt_BR.llama.ctx-0.po.meta,wget-1.25.0.pt_BR.llama.ctx-2.ru-zh_CN.po.meta,ctx-2,596,26200.5,0.0,True,***
wget_v1.25.0,wget-1.25.0.pt_BR.llama.ctx-0.po.meta,wget-1.25.0.pt_BR.llama.ctx-2.vi-zh_CN.po.meta,ctx-2,596,54072.0,0.012191,True,*
xdg-user-dirs_v0.17,xdg-user-dirs-0.17.pt_BR.llama.ctx-0.po.meta,xdg-user-dirs-0.17.pt_BR.llama.ctx-1.de.po.meta,ctx-1,28,0.0,0.016947,True,*
xdg-user-dirs_v0.17,xdg-user-dirs-0.17.pt_BR.llama.ctx-0.po.meta,xdg-user-dirs-0.17.pt_BR.llama.ctx-1.es.po.meta,ctx-1,28,0.0,0.023544,True,*
xdg-user-dirs_v0.17,xdg-user-dirs-0.17.pt_BR.llama.ctx-0.po.meta,xdg-user-dirs-0.17.pt_BR.llama.ctx-1.fr.po.meta,ctx-1,28,0.0,0.006656,True,**
xdg-user-dirs_v0.17,xdg-user-dirs-0.17.pt_BR.llama.ctx-0.po.meta,xdg-user-dirs-0.17.pt_BR.llama.ctx-1.id.po.meta,ctx-1,28,0.0,0.317311,False,ns
xdg-user-dirs_v0.17,xdg-user-dirs-0.17.pt_BR.llama.ctx-0.po.meta,xdg-user-dirs-0.17.pt_BR.llama.ctx-1.ru.po.meta,ctx-1,28,0.0,0.005934,True,**
xdg-user-dirs_v0.17,xdg-user-dirs-0.17.pt_BR.llama.ctx-0.po.meta,xdg-user-dirs-0.17.pt_BR.llama.ctx-1.vi.po.meta,ctx-1,28,0.0,0.317311,False,ns
xdg-user-dirs_v0.17,xdg-user-dirs-0.17.pt_BR.llama.ctx-0.po.meta,xdg-user-dirs-0.17.pt_BR.llama.ctx-1.zh_CN.po.meta,ctx-1,28,0.0,0.317311,False,ns
xdg-user-dirs_v0.17,xdg-user-dirs-0.17.pt_BR.llama.ctx-0.po.meta,xdg-user-dirs-0.17.pt_BR.llama.ctx-2.de-es.po.meta,ctx-2,28,0.0,0.016947,True,*
xdg-user-dirs_v0.17,xdg-user-dirs-0.17.pt_BR.llama.ctx-0.po.meta,xdg-user-dirs-0.17.pt_BR.llama.ctx-2.de-fr.po.meta,ctx-2,28,0.0,0.006656,True,**
xdg-user-dirs_v0.17,xdg-user-dirs-0.17.pt_BR.llama.ctx-0.po.meta,xdg-user-dirs-0.17.pt_BR.llama.ctx-2.de-id.po.meta,ctx-2,28,0.0,0.067889,False,ns
xdg-user-dirs_v0.17,xdg-user-dirs-0.17.pt_BR.llama.ctx-0.po.meta,xdg-user-dirs-0.17.pt_BR.llama.ctx-2.de-ru.po.meta,ctx-2,28,0.0,0.005934,True,**
xdg-user-dirs_v0.17,xdg-user-dirs-0.17.pt_BR.llama.ctx-0.po.meta,xdg-user-dirs-0.17.pt_BR.llama.ctx-2.de-vi.po.meta,ctx-2,28,2.0,0.136217,False,ns
xdg-user-dirs_v0.17,xdg-user-dirs-0.17.pt_BR.llama.ctx-0.po.meta,xdg-user-dirs-0.17.pt_BR.llama.ctx-2.de-zh_CN.po.meta,ctx-2,28,0.0,0.108809,False,ns
xdg-user-dirs_v0.17,xdg-user-dirs-0.17.pt_BR.llama.ctx-0.po.meta,xdg-user-dirs-0.17.pt_BR.llama.ctx-2.es-fr.po.meta,ctx-2,28,0.0,0.004482,True,**
xdg-user-dirs_v0.17,xdg-user-dirs-0.17.pt_BR.llama.ctx-0.po.meta,xdg-user-dirs-0.17.pt_BR.llama.ctx-2.es-id.po.meta,ctx-2,28,0.0,0.025597,True,*
xdg-user-dirs_v0.17,xdg-user-dirs-0.17.pt_BR.llama.ctx-0.po.meta,xdg-user-dirs-0.17.pt_BR.llama.ctx-2.es-ru.po.meta,ctx-2,28,0.0,0.004117,True,**
xdg-user-dirs_v0.17,xdg-user-dirs-0.17.pt_BR.llama.ctx-0.po.meta,xdg-user-dirs-0.17.pt_BR.llama.ctx-2.es-vi.po.meta,ctx-2,28,2.0,0.273322,False,ns
xdg-user-dirs_v0.17,xdg-user-dirs-0.17.pt_BR.llama.ctx-0.po.meta,xdg-user-dirs-0.17.pt_BR.llama.ctx-2.es-zh_CN.po.meta,ctx-2,28,0.0,0.015764,True,*
xdg-user-dirs_v0.17,xdg-user-dirs-0.17.pt_BR.llama.ctx-0.po.meta,xdg-user-dirs-0.17.pt_BR.llama.ctx-2.fr-id.po.meta,ctx-2,28,0.0,0.016947,True,*
xdg-user-dirs_v0.17,xdg-user-dirs-0.17.pt_BR.llama.ctx-0.po.meta,xdg-user-dirs-0.17.pt_BR.llama.ctx-2.fr-ru.po.meta,ctx-2,28,0.0,0.00711,True,**
xdg-user-dirs_v0.17,xdg-user-dirs-0.17.pt_BR.llama.ctx-0.po.meta,xdg-user-dirs-0.17.pt_BR.llama.ctx-2.fr-vi.po.meta,ctx-2,28,1.0,0.144127,False,ns
xdg-user-dirs_v0.17,xdg-user-dirs-0.17.pt_BR.llama.ctx-0.po.meta,xdg-user-dirs-0.17.pt_BR.llama.ctx-2.fr-zh_CN.po.meta,ctx-2,28,0.0,0.009748,True,**
xdg-user-dirs_v0.17,xdg-user-dirs-0.17.pt_BR.llama.ctx-0.po.meta,xdg-user-dirs-0.17.pt_BR.llama.ctx-2.id-ru.po.meta,ctx-2,28,0.0,0.026014,True,*
xdg-user-dirs_v0.17,xdg-user-dirs-0.17.pt_BR.llama.ctx-0.po.meta,xdg-user-dirs-0.17.pt_BR.llama.ctx-2.id-vi.po.meta,ctx-2,28,0.0,0.317311,False,ns
xdg-user-dirs_v0.17,xdg-user-dirs-0.17.pt_BR.llama.ctx-0.po.meta,xdg-user-dirs-0.17.pt_BR.llama.ctx-2.id-zh_CN.po.meta,ctx-2,28,1.5,1.0,False,ns
xdg-user-dirs_v0.17,xdg-user-dirs-0.17.pt_BR.llama.ctx-0.po.meta,xdg-user-dirs-0.17.pt_BR.llama.ctx-2.ru-vi.po.meta,ctx-2,28,0.0,0.03936,True,*
xdg-user-dirs_v0.17,xdg-user-dirs-0.17.pt_BR.llama.ctx-0.po.meta,xdg-user-dirs-0.17.pt_BR.llama.ctx-2.ru-zh_CN.po.meta,ctx-2,28,0.0,0.015959,True,*
xdg-user-dirs_v0.17,xdg-user-dirs-0.17.pt_BR.llama.ctx-0.po.meta,xdg-user-dirs-0.17.pt_BR.llama.ctx-2.vi-zh_CN.po.meta,ctx-2,28,0.0,0.317311,False,ns
